Establishment_ID,Region,Size_Category,Screener_Employees,ISIC_Rev4_Code,ISIC_Division,Manufacturing_Subsector,Year_Started,Manager_Experience_Years,Survey_Weight_Median,Annual_Sales_2024_UGX,Annual_Sales_2022_UGX,Capacity_Utilization_Pct,Permanent_FT_Employees_2024,Permanent_FT_Employees_2022,Labor_Cost_2024_UGX,Raw_Materials_Cost_2024_UGX,Machinery_Replacement_Value_UGX,Direct_Exports_Pct,Monitors_Performance_Indicators,Introduced_New_Product_Service,Introduced_Improved_Process,Working_Capital_Internal_Pct,Working_Capital_Bank_Pct,Working_Capital_Supplier_Credit_Pct,Purchased_Fixed_Assets,Equipment_Investment_Raw_UGX,Has_Financial_Institution_Loan,Applied_For_Loan_2024,Experienced_Power_Outages,Power_Outages_Per_Month_Raw,Electricity_Obstacle,Access_to_Finance_Obstacle,Workforce_Skills_Obstacle,Informal_Competition_Obstacle,Biggest_Obstacle,Figures_Response_Quality,Establishment_Age_Years,Equipment_Investment_UGX,Power_Outages_Per_Month,Direct_Exporter,Sales_Growth_2022_2024_Pct,Sales_CAGR_2022_2024_Pct,Employment_Growth_2022_2024_Pct,Sales_per_Employee_UGX,Labor_Cost_Pct_of_Sales,Raw_Materials_Cost_Pct_of_Sales,Machinery_Value_per_Employee_UGX,Equipment_Investment_Pct_of_Sales,Sales_Outlier_Flag,Firm_Age_Band,Performance_Group
1614120,Eastern,Large,1000,1073,10,Manufacture of food products,1986,24,1.000,1200000000,900000000,20.0,250,180,500000000,200000000,350000000,25.0,Yes,No,No,85.0,0.0,0.0,No,\N,No,No,Yes,6.0,Moderate obstacle,Major obstacle,Moderate obstacle,Moderate obstacle,Tax rates,Are in some case taken from books and in some case estimates,38,0,6,Yes,33.3,15.5,38.9,4800000,41.7,16.7,1400000,0.0,Normal,30+ years,Middle
1614122,Eastern,Small,10,1410,14,Manufacture of wearing apparel,1970,30,55.699,45000000,40000000,70.0,6,5,7200000,6000000,30000000,0.0,Not asked (survey skip: screener employment <20),No,No,100.0,0.0,0.0,No,\N,No,No,Yes,2.0,Very severe obstacle,Moderate obstacle,No obstacle,No obstacle,Electricity,Are taken directly from establishment records,54,0,2,No,12.5,6.1,20.0,7500000,16.0,13.3,5000000,0.0,Normal,30+ years,Middle
1614124,Central,Medium,100,1073,10,Manufacture of food products,2007,20,24.842,3000000000,2000000000,70.0,50,50,700000000,400000000,5000000000,0.0,Yes,No,No,80.0,0.0,0.0,No,\N,No,No,No,\N,Moderate obstacle,Minor obstacle,Minor obstacle,Moderate obstacle,Corruption,Are taken directly from establishment records,17,0,0,No,50.0,22.5,0.0,60000000,23.3,13.3,100000000,0.0,Normal,10-19 years,Middle
1614125,Central,Large,110,2100,21,Manufacture of basic pharmaceutical products,1981,44,1.000,13000000000,13000000000,90.0,57,44,1500000000,6000000000,12000000000,1.0,Yes,No,No,100.0,0.0,0.0,Yes,600000000,Yes,No,Yes,10.0,Major obstacle,Minor obstacle,Major obstacle,Major obstacle,Access to finance,Are taken directly from establishment records,43,600000000,10,Yes,0.0,0.0,29.5,228070175,11.5,46.2,210526316,4.6,Review,30+ years,Low Growth
1614130,Central,Small,7,3100,31,Manufacture of furniture,2020,15,143.618,24000000,17000000,70.0,5,4,4100000,12000000,11000000,0.0,Not asked (survey skip: screener employment <20),Yes,Yes,60.0,10.0,30.0,Yes,500000,Yes,No,Yes,6.0,Minor obstacle,No obstacle,No obstacle,Minor obstacle,Tax rates,Are in some case taken from books and in some case estimates,4,500000,6,No,41.2,18.8,25.0,4800000,17.1,50.0,2200000,2.1,Normal,<10 years,Middle
1614131,Central,Small,16,1811,18,Printing and reproduction of recorded media,1985,30,157.867,100000000,80000000,20.0,16,16,5000000,20000000,350000000,0.0,Not asked (survey skip: screener employment <20),No,No,80.0,0.0,0.0,No,\N,No,No,No,\N,Minor obstacle,No obstacle,No obstacle,No obstacle,Electricity,Are in some case taken from books and in some case estimates,39,0,0,No,25.0,11.8,0.0,6250000,5.0,20.0,21875000,0.0,Normal,30+ years,Middle
1614136,Central,Large,1850,2410,24,Manufacture of basic metals,1983,42,1.000,6000000000000,4000000000000,92.0,2000,1800,1000000000000,3000000000000,1000000000000,35.0,Yes,Yes,Yes,35.0,30.0,25.0,Yes,1000000000000,Yes,Yes,Yes,2.0,Moderate obstacle,Moderate obstacle,Minor obstacle,Moderate obstacle,Tax rates,Are taken directly from establishment records,41,1000000000000,2,Yes,50.0,22.5,11.1,3000000000,16.7,50.0,500000000,16.7,Review,30+ years,Middle
1614138,Eastern,Small,9,1079,10,Manufacture of food products,1992,30,1.789,38000000,6000000,100.0,9,9,10000000,\N,15000000,0.0,Not asked (survey skip: screener employment <20),No,No,40.0,0.0,0.0,No,\N,No,No,Yes,8.0,Very severe obstacle,Moderate obstacle,No obstacle,Very severe obstacle,Access to finance,Are in some case taken from books and in some case estimates,32,0,8,No,533.3,151.7,0.0,4222222,26.3,\N,1666667,0.0,Normal,30+ years,High Growth
1614139,Western,Small,5,3100,31,Manufacture of furniture,2002,24,68.626,40000000,22000000,4.0,5,5,12000000,16000000,24200000,0.0,Not asked (survey skip: screener employment <20),No,No,20.0,60.0,0.0,Yes,1000000,Yes,No,Yes,5.0,Major obstacle,Very severe obstacle,No obstacle,Minor obstacle,Access to finance,Are estimates computed with some precision,22,1000000,5,No,81.8,34.8,0.0,8000000,30.0,40.0,4840000,2.5,Normal,20-29 years,High Growth
1614143,Central,Small,6,2599,25,Manufacture of fabricated metal products,1987,35,157.867,10000000,10000000,100.0,6,6,6000000,3000000,7000000,0.0,Not asked (survey skip: screener employment <20),No,No,80.0,10.0,0.0,No,\N,No,Yes,Yes,2.0,Minor obstacle,Major obstacle,No obstacle,Minor obstacle,Access to finance,Are in some case taken from books and in some case estimates,37,0,2,No,0.0,0.0,0.0,1666667,60.0,30.0,1166667,0.0,Normal,30+ years,Low Growth
1614144,Central,Small,50,1812,18,Printing and reproduction of recorded media,1995,17,585.955,300000000,110000000,95.0,40,20,30000000,40000000,1000000000,10.0,Yes,No,Yes,80.0,10.0,0.0,Yes,300000000,Yes,No,Yes,6.0,Minor obstacle,No obstacle,No obstacle,Minor obstacle,Customs and trade regulations,Are estimates computed with some precision,29,300000000,6,Yes,172.7,65.1,100.0,7500000,10.0,13.3,25000000,100.0,Normal,20-29 years,High Growth
1614146,Central,Small,80,2023,20,Manufacture of chemicals and chemical products,2005,20,585.955,2000000000,1000000000,70.0,80,40,200000000,800000000,700000000,30.0,Yes,Yes,Yes,40.0,5.0,0.0,Yes,80000000,Yes,No,Yes,4.0,Major obstacle,No obstacle,No obstacle,No obstacle,Tax rates,Are in some case taken from books and in some case estimates,19,80000000,4,Yes,100.0,41.4,100.0,25000000,10.0,40.0,8750000,4.0,Normal,10-19 years,High Growth
1614147,Eastern,Large,100,1079,10,Manufacture of food products,1982,43,1.000,3000000000,2500000000,30.0,35,35,300000000,900000000,600000000,10.0,Yes,No,Yes,100.0,0.0,0.0,No,\N,No,No,Yes,5.0,Major obstacle,Minor obstacle,Moderate obstacle,Very severe obstacle,Practices of competitors in the informal sector,Are in some case taken from books and in some case estimates,42,0,5,Yes,20.0,9.5,0.0,85714286,10.0,30.0,17142857,0.0,Normal,30+ years,Middle
1614149,Northern,Medium,10,1040,10,Manufacture of food products,2013,10,1.827,300000000,250000000,100.0,15,10,70000000,100000000,400000000,0.0,Not asked (survey skip: screener employment <20),No,No,40.0,0.0,40.0,No,\N,No,No,Yes,7.0,Moderate obstacle,Minor obstacle,No obstacle,Very severe obstacle,Practices of competitors in the informal sector,Are in some case taken from books and in some case estimates,11,0,7,No,20.0,9.5,50.0,20000000,23.3,33.3,26666667,0.0,Normal,10-19 years,Middle
1614151,Central,Large,355,1079,10,Manufacture of food products,1994,25,1.000,68000000000,67000000000,69.0,124,118,4140000000,37820000000,95000000000,1.0,Yes,Yes,No,100.0,0.0,0.0,No,\N,No,No,Yes,10.0,Very severe obstacle,Minor obstacle,Minor obstacle,Very severe obstacle,Electricity,Are in some case taken from books and in some case estimates,30,0,10,Yes,1.5,0.7,5.1,548387097,6.1,55.6,766129032,0.0,Review,30+ years,Low Growth
1614153,Eastern,Medium,8,3100,31,Manufacture of furniture,2021,5,3.069,60000000,30000000,70.0,8,8,20000000,35000000,\N,0.0,Not asked (survey skip: screener employment <20),No,No,30.0,25.0,20.0,No,\N,Yes,No,Yes,6.0,Minor obstacle,Major obstacle,No obstacle,Major obstacle,Tax rates,Are taken directly from establishment records,3,0,6,No,100.0,41.4,0.0,7500000,33.3,58.3,\N,0.0,Normal,<10 years,High Growth
1614155,Western,Medium,16,1410,14,Manufacture of wearing apparel,1990,35,2.464,57242000,35000000,13.0,6,6,18000000,22500000,26500000,0.0,Not asked (survey skip: screener employment <20),No,No,50.0,10.0,10.0,No,\N,Yes,Yes,Yes,0.0,Minor obstacle,Major obstacle,No obstacle,Minor obstacle,Access to finance,Are in some case taken from books and in some case estimates,34,0,0,No,63.5,27.9,0.0,9540333,31.4,39.3,4416667,0.0,Normal,30+ years,High Growth
1614157,Eastern,Small,7,1061,10,Manufacture of food products,2015,10,26.254,32000000,28000000,65.0,7,7,12000000,18000000,20000000,0.0,Not asked (survey skip: screener employment <20),No,No,80.0,0.0,0.0,No,\N,No,No,Yes,8.0,Moderate obstacle,Major obstacle,No obstacle,Major obstacle,Tax rates,Are estimates computed with some precision,9,0,8,No,14.3,6.9,0.0,4571429,37.5,56.3,2857143,0.0,Normal,<10 years,Middle
1614160,Western,Small,16,3100,31,Manufacture of furniture,2009,20,68.626,45000000,18000000,60.0,12,8,\N,30000000,50000000,0.0,Not asked (survey skip: screener employment <20),No,Yes,50.0,25.0,0.0,No,\N,Yes,Yes,Yes,30.0,Major obstacle,Moderate obstacle,Minor obstacle,Major obstacle,Electricity,Are estimates computed with some precision,15,0,30,No,150.0,58.1,50.0,3750000,\N,66.7,4166667,0.0,Normal,10-19 years,High Growth
1614161,Eastern,Small,7,1061,10,Manufacture of food products,2000,25,118.825,154000000,144000000,100.0,7,7,21600000,35000000,300000000,0.0,Not asked (survey skip: screener employment <20),No,No,70.0,0.0,0.0,No,\N,No,No,Yes,1.0,Moderate obstacle,Very severe obstacle,No obstacle,Major obstacle,Electricity,Are taken directly from establishment records,24,0,1,No,6.9,3.4,0.0,22000000,14.0,22.7,42857143,0.0,Normal,20-29 years,Low Growth
1614163,Northern,Small,30,1040,10,Manufacture of food products,1994,4,1.000,2165000000,1800000000,100.0,15,10,720000000,900000000,10000000000,0.0,Yes,Yes,No,0.0,0.0,30.0,Yes,100000000,No,No,Yes,3.0,Minor obstacle,No obstacle,No obstacle,Major obstacle,Access to land,Are taken directly from establishment records,30,100000000,3,No,20.3,9.7,50.0,144333333,33.3,41.6,666666667,4.6,Normal,30+ years,Middle
1614165,Eastern,Medium,13,1061,10,Manufacture of food products,2006,22,2.785,600000000,400000000,90.0,7,8,62400000,40000000,90000000,0.0,Not asked (survey skip: screener employment <20),Yes,No,100.0,0.0,0.0,No,\N,No,Yes,Yes,3.0,Major obstacle,Major obstacle,Minor obstacle,Moderate obstacle,Practices of competitors in the informal sector,Are taken directly from establishment records,18,0,3,No,50.0,22.5,-12.5,85714286,10.4,6.7,12857143,0.0,Normal,10-19 years,Middle
1614170,Central,Small,15,2511,25,Manufacture of fabricated metal products,2009,22,316.320,800000000,500000000,90.0,15,7,25000000,\N,\N,20.0,Not asked (survey skip: screener employment <20),Yes,No,60.0,20.0,0.0,No,\N,Yes,No,Yes,8.0,Minor obstacle,No obstacle,No obstacle,No obstacle,Corruption,Are in some case taken from books and in some case estimates,15,0,8,Yes,60.0,26.5,114.3,53333333,3.1,\N,\N,0.0,Normal,10-19 years,Middle
1614171,Eastern,Small,10,2511,25,Manufacture of fabricated metal products,2007,20,90.165,70000000,10000000,70.0,10,3,10000000,30000000,170000000,0.0,Not asked (survey skip: screener employment <20),No,No,90.0,0.0,0.0,No,\N,No,No,Yes,3.0,Moderate obstacle,No obstacle,No obstacle,No obstacle,Electricity,Are taken directly from establishment records,17,0,3,No,600.0,164.6,233.3,7000000,14.3,42.9,17000000,0.0,Normal,10-19 years,High Growth
1614174,Northern,Small,6,1811,18,Printing and reproduction of recorded media,1997,30,18.669,15000000,12000000,100.0,6,6,4000000,5000000,100000000,0.0,Not asked (survey skip: screener employment <20),No,No,50.0,50.0,0.0,No,\N,No,No,Yes,5.0,Major obstacle,Minor obstacle,Minor obstacle,Minor obstacle,Business licensing and permits,Are in some case taken from books and in some case estimates,27,0,5,No,25.0,11.8,0.0,2500000,26.7,33.3,16666667,0.0,Normal,20-29 years,Middle
1614175,Northern,Small,8,1811,18,Printing and reproduction of recorded media,2006,19,18.669,29430000,22570000,70.0,4,4,8046000,17000000,49570000,0.0,Not asked (survey skip: screener employment <20),No,No,60.0,0.0,10.0,Yes,2460000,No,No,Yes,6.0,Moderate obstacle,Minor obstacle,No obstacle,No obstacle,Tax rates,Are estimates computed with some precision,18,2460000,6,No,30.4,14.2,0.0,7357500,27.3,57.8,12392500,8.4,Normal,10-19 years,Middle
1614176,Central,Large,100,3100,31,Manufacture of furniture,1987,30,2.689,15000000000,10000000000,40.0,40,35,2000000000,500000000,4000000000,0.0,No,No,No,100.0,0.0,0.0,No,\N,No,No,No,\N,No obstacle,Minor obstacle,No obstacle,Moderate obstacle,Practices of competitors in the informal sector,Are in some case taken from books and in some case estimates,37,0,0,No,50.0,22.5,14.3,375000000,13.3,3.3,100000000,0.0,Review,30+ years,Middle
1614178,Central,Large,10,2599,25,Manufacture of fabricated metal products,1984,41,1.000,30000000,40000000,85.0,7,10,4000000,13000000,35000000,0.0,Not asked (survey skip: screener employment <20),Yes,No,70.0,30.0,0.0,No,\N,Yes,No,Yes,3.0,Minor obstacle,Minor obstacle,Minor obstacle,Moderate obstacle,Tax rates,Are taken directly from establishment records,40,0,3,No,-25.0,-13.4,-30.0,4285714,13.3,43.3,5000000,0.0,Normal,30+ years,Low Growth
1614179,Central,Large,94,2395,23,Manufacture of other non-metallic mineral products,2004,20,1.523,2000000000,1600000000,76.0,92,76,\N,500000000,1800000000,0.0,Yes,Yes,Yes,100.0,0.0,0.0,Yes,1800000000,No,No,Yes,10.0,Major obstacle,Minor obstacle,No obstacle,Moderate obstacle,Electricity,Are taken directly from establishment records,20,1800000000,10,No,25.0,11.8,21.1,21739130,\N,25.0,19565217,90.0,Normal,20-29 years,Middle
1614180,Western,Medium,30,1071,10,Manufacture of food products,2000,30,1.903,800000000,760000000,10.0,25,27,30000000,450000000,400000000,0.0,Yes,Yes,Yes,70.0,0.0,30.0,Yes,200000000,No,No,Yes,0.0,Moderate obstacle,Moderate obstacle,Major obstacle,Moderate obstacle,Corruption,Are estimates computed with some precision,24,200000000,0,No,5.3,2.6,-7.4,32000000,3.8,56.3,16000000,25.0,Normal,20-29 years,Low Growth
1614182,Central,Small,15,2819,28,Manufacture of machinery and equipment n.e.c.,2001,15,143.618,\N,\N,60.0,20,15,\N,\N,\N,0.0,Not asked (survey skip: screener employment <20),No,No,100.0,0.0,0.0,Yes,0,No,No,Yes,8.0,Very severe obstacle,Very severe obstacle,No obstacle,Very severe obstacle,Access to finance,Are arbitrary and unreliable numbers,23,0,8,No,\N,\N,33.3,\N,\N,\N,\N,\N,Normal,20-29 years,Missing
1614183,Western,Medium,12,1071,10,Manufacture of food products,2015,10,1.524,217920000,\N,2.0,12,24,36950400,172800000,6000000,0.0,Not asked (survey skip: screener employment <20),Yes,Yes,80.0,0.0,20.0,No,\N,No,No,Yes,4.0,Minor obstacle,Very severe obstacle,No obstacle,No obstacle,Access to finance,Are estimates computed with some precision,9,0,4,No,\N,\N,-50.0,18160000,17.0,79.3,500000,0.0,Normal,<10 years,Missing
1614185,Central,Small,7,1811,18,Printing and reproduction of recorded media,2000,14,157.867,30000000,20000000,90.0,8,2,10000000,15000000,40000000,0.0,Not asked (survey skip: screener employment <20),No,No,20.0,0.0,70.0,No,\N,No,No,No,\N,Minor obstacle,Minor obstacle,Minor obstacle,No obstacle,Tax rates,Are in some case taken from books and in some case estimates,24,0,0,No,50.0,22.5,300.0,3750000,33.3,50.0,5000000,0.0,Normal,20-29 years,Middle
1614193,Eastern,Large,300,1061,10,Manufacture of food products,2009,30,1.000,1200000000,1000000000,60.0,300,250,200000000,500000000,600000000,30.0,Yes,No,Yes,60.0,40.0,0.0,No,\N,No,No,Yes,2.0,Moderate obstacle,Moderate obstacle,Minor obstacle,Minor obstacle,Tax rates,Are in some case taken from books and in some case estimates,15,0,2,Yes,20.0,9.5,20.0,4000000,16.7,41.7,2000000,0.0,Normal,10-19 years,Middle
1614202,Western,Small,5,2511,25,Manufacture of fabricated metal products,1996,40,68.626,12000000,\N,\N,5,6,\N,\N,2500000,0.0,Not asked (survey skip: screener employment <20),Yes,No,20.0,0.0,80.0,No,\N,No,No,\N,\N,Major obstacle,Moderate obstacle,Minor obstacle,Major obstacle,"Crime, theft and disorder",Are estimates computed with some precision,28,0,\N,No,\N,\N,-16.7,2400000,\N,\N,500000,0.0,Normal,20-29 years,Missing
1614203,Central,Large,55,2599,25,Manufacture of fabricated metal products,1956,50,1.000,750000000,500000000,65.0,53,65,50000000,300000000,350000000,0.0,Yes,Yes,No,70.0,0.0,0.0,No,\N,No,No,Yes,4.0,Moderate obstacle,Moderate obstacle,Minor obstacle,Moderate obstacle,Tax rates,Are taken directly from establishment records,68,0,4,No,50.0,22.5,-18.5,14150943,6.7,40.0,6603774,0.0,Normal,30+ years,Middle
1614206,Northern,Medium,6,1811,18,Printing and reproduction of recorded media,2010,12,1.840,16450000,8210000,70.0,4,2,2165000,7000000,70500000,0.0,Not asked (survey skip: screener employment <20),No,No,70.0,0.0,0.0,No,\N,No,No,Yes,5.0,Minor obstacle,Moderate obstacle,Major obstacle,Minor obstacle,Tax administration,Are estimates computed with some precision,14,0,5,No,100.4,41.6,100.0,4112500,13.2,42.6,17625000,0.0,Normal,10-19 years,High Growth
1614208,Western,Small,6,1410,14,Manufacture of wearing apparel,2000,25,46.711,40000000,15000000,50.0,6,6,\N,30000000,11100000,0.0,Not asked (survey skip: screener employment <20),Yes,Yes,73.0,0.0,7.0,Yes,2500000,Yes,Yes,Yes,3.0,Major obstacle,No obstacle,No obstacle,No obstacle,"Crime, theft and disorder",Are estimates computed with some precision,24,2500000,3,No,166.7,63.3,0.0,6666667,\N,75.0,1850000,6.3,Normal,20-29 years,High Growth
1614212,Central,Small,10,1622,16,Manufacture of wood and products of wood/cork,2014,10,157.867,30000000,15000000,35.0,5,3,10000000,5000000,60000000,0.0,Not asked (survey skip: screener employment <20),No,No,0.0,0.0,0.0,No,\N,No,No,No,\N,No obstacle,No obstacle,No obstacle,Major obstacle,Practices of competitors in the informal sector,Are estimates computed with some precision,10,0,0,No,100.0,41.4,66.7,6000000,33.3,16.7,12000000,0.0,Normal,10-19 years,High Growth
1614213,Central,Large,20,1061,10,Manufacture of food products,2001,15,3.817,2000000,\N,10.0,5,\N,\N,\N,\N,0.0,No,No,No,100.0,0.0,0.0,No,\N,No,No,Yes,6.0,No obstacle,Major obstacle,No obstacle,Very severe obstacle,Access to finance,Are estimates computed with some precision,23,0,6,No,\N,\N,\N,400000,\N,\N,\N,0.0,Normal,20-29 years,Missing
1614215,Central,Large,66,1811,18,Printing and reproduction of recorded media,1997,13,1.000,5000000000,2000000000,100.0,46,38,300000000,1000000000,\N,0.0,Yes,No,No,40.0,50.0,10.0,Yes,85000000,Yes,No,Yes,7.0,Minor obstacle,Moderate obstacle,Minor obstacle,Major obstacle,Tax rates,Are in some case taken from books and in some case estimates,27,85000000,7,No,150.0,58.1,21.1,108695652,6.0,20.0,\N,1.7,Normal,20-29 years,High Growth
1614218,Central,Large,6,2511,25,Manufacture of fabricated metal products,1984,39,1.000,\N,\N,10.0,5,30,\N,\N,\N,0.0,Not asked (survey skip: screener employment <20),Yes,No,90.0,0.0,0.0,No,\N,Yes,No,Yes,4.0,Very severe obstacle,Major obstacle,Minor obstacle,Major obstacle,Electricity,Are in some case taken from books and in some case estimates,40,0,4,No,\N,\N,-83.3,\N,\N,\N,\N,0.0,Normal,30+ years,Missing
1614219,Central,Small,6,1410,14,Manufacture of wearing apparel,1975,50,5.724,3600000,3000000,50.0,6,6,2000000,3500000,10000000,0.0,Not asked (survey skip: screener employment <20),Yes,No,60.0,0.0,0.0,No,\N,No,No,Yes,5.0,Major obstacle,Minor obstacle,Moderate obstacle,Very severe obstacle,Tax administration,Are estimates computed with some precision,49,0,5,No,20.0,9.5,0.0,600000,55.6,97.2,1666667,0.0,Normal,30+ years,Middle
1614220,Central,Large,500,1103,11,Manufacture of beverages,1951,25,1.000,50000000000,35000000000,85.0,500,500,2000000000,\N,\N,10.0,Yes,Yes,No,100.0,0.0,0.0,No,\N,No,No,Yes,10.0,Moderate obstacle,No obstacle,No obstacle,Major obstacle,Tax rates,Are estimates computed with some precision,73,0,10,Yes,42.9,19.5,0.0,100000000,4.0,\N,\N,0.0,Review,30+ years,Middle
1614222,Central,Large,50,2511,25,Manufacture of fabricated metal products,1965,17,1.000,1200000000,3000000000,80.0,50,60,200000000,100000000,\N,0.0,Yes,Yes,No,100.0,0.0,0.0,Yes,109500000,No,No,Yes,10.0,Minor obstacle,Minor obstacle,No obstacle,Moderate obstacle,Tax rates,Are taken directly from establishment records,59,109500000,10,No,-60.0,-36.8,-16.7,24000000,16.7,8.3,\N,9.1,Normal,30+ years,Low Growth
1614223,Central,Small,6,1622,16,Manufacture of wood and products of wood/cork,2012,28,143.618,\N,\N,90.0,4,4,1500000,7000000,1500000,75.0,Not asked (survey skip: screener employment <20),No,No,80.0,0.0,0.0,Yes,450000,No,No,Yes,2.0,Minor obstacle,Minor obstacle,Moderate obstacle,Moderate obstacle,Customs and trade regulations,Are arbitrary and unreliable numbers,12,450000,2,Yes,\N,\N,0.0,\N,\N,\N,375000,\N,Normal,10-19 years,Missing
1614224,Eastern,Medium,14,3312,33,Repair and installation of machinery and equipment,2005,20,1.148,50000000,36000000,10.0,14,5,10000000,\N,40000000,0.0,Not asked (survey skip: screener employment <20),No,No,0.0,0.0,0.0,No,\N,No,No,Yes,2.0,Minor obstacle,Major obstacle,Minor obstacle,Minor obstacle,Access to finance,Are estimates computed with some precision,19,0,2,No,38.9,17.9,180.0,3571429,20.0,\N,2857143,0.0,Normal,10-19 years,Middle
1614225,Western,Small,6,1061,10,Manufacture of food products,2018,10,11.034,25000000,30000000,100.0,6,6,7200000,5000000,200000000,0.0,Not asked (survey skip: screener employment <20),No,No,80.0,0.0,0.0,No,\N,No,No,Yes,8.0,No obstacle,No obstacle,No obstacle,No obstacle,Tax rates,Are in some case taken from books and in some case estimates,6,0,8,No,-16.7,-8.7,0.0,4166667,28.8,20.0,33333333,0.0,Normal,<10 years,Low Growth
1614227,Western,Medium,15,2599,25,Manufacture of fabricated metal products,1997,30,5.288,50000000,100000000,55.0,7,6,11160000,7000000,7000000,0.0,Not asked (survey skip: screener employment <20),No,No,80.0,0.0,20.0,No,\N,No,No,Yes,7.0,Moderate obstacle,Minor obstacle,Minor obstacle,Minor obstacle,Access to land,Are estimates computed with some precision,27,0,7,No,-50.0,-29.3,16.7,7142857,22.3,14.0,1000000,0.0,Normal,20-29 years,Low Growth
1614229,Eastern,Small,10,1061,10,Manufacture of food products,2001,24,1.798,182500000,180000000,100.0,9,8,48000000,70000000,120000000,0.0,Not asked (survey skip: screener employment <20),No,No,70.0,0.0,0.0,No,\N,No,No,Yes,5.0,Moderate obstacle,Major obstacle,No obstacle,Moderate obstacle,Access to finance,Are taken directly from establishment records,23,0,5,No,1.4,0.7,12.5,20277778,26.3,38.4,13333333,0.0,Normal,20-29 years,Low Growth
1614230,Central,Small,8,1410,14,Manufacture of wearing apparel,2010,20,189.574,34000000,15000000,30.0,8,4,12000000,30000000,25000000,0.0,Not asked (survey skip: screener employment <20),No,No,50.0,0.0,20.0,Yes,550000,No,No,Yes,3.0,Moderate obstacle,Very severe obstacle,No obstacle,Very severe obstacle,Access to finance,Are estimates computed with some precision,14,550000,3,No,126.7,50.6,100.0,4250000,35.3,88.2,3125000,1.6,Normal,10-19 years,High Growth
1614231,Eastern,Medium,120,1071,10,Manufacture of food products,2002,20,1.357,700000000,600000000,70.0,128,128,460800000,300000000,1000000000,0.0,Yes,Yes,No,80.0,0.0,20.0,No,\N,No,No,Yes,2.0,Very severe obstacle,No obstacle,No obstacle,Very severe obstacle,Practices of competitors in the informal sector,Are taken directly from establishment records,22,0,2,No,16.7,8.0,0.0,5468750,65.8,42.9,7812500,0.0,Normal,20-29 years,Middle
1614236,Western,Small,7,2511,25,Manufacture of fabricated metal products,2012,10,68.626,30000000,25000000,75.0,6,3,12000000,12000000,15000000,0.0,Not asked (survey skip: screener employment <20),Yes,No,30.0,0.0,25.0,Yes,1500000,Yes,No,Yes,15.0,Major obstacle,Major obstacle,Major obstacle,Major obstacle,Tax rates,Are in some case taken from books and in some case estimates,12,1500000,15,No,20.0,9.5,100.0,5000000,40.0,40.0,2500000,5.0,Normal,10-19 years,Middle
1614238,Central,Large,800,1410,14,Manufacture of wearing apparel,2014,40,1.000,26310000000,22700000000,87.0,800,800,2000000000,1500000000,27000000000,15.0,Yes,Yes,Yes,80.0,0.0,0.0,No,\N,No,No,Yes,25.0,Moderate obstacle,Minor obstacle,Major obstacle,Major obstacle,Inadequately educated workforce,Are taken directly from establishment records,10,0,25,Yes,15.9,7.7,0.0,32887500,7.6,5.7,33750000,0.0,Review,10-19 years,Middle
1614246,Eastern,Small,15,3100,31,Manufacture of furniture,1986,15,61.414,45000000,33000000,70.0,10,10,15000000,20000000,100000000,0.0,Not asked (survey skip: screener employment <20),No,No,100.0,0.0,0.0,Yes,15000000,Yes,Yes,Yes,3.0,Major obstacle,Major obstacle,Moderate obstacle,Major obstacle,Electricity,Are in some case taken from books and in some case estimates,38,15000000,3,No,36.4,16.8,0.0,4500000,33.3,44.4,10000000,33.3,Normal,30+ years,Middle
1614254,Eastern,Small,7,1410,14,Manufacture of wearing apparel,1995,30,55.699,50000000,20000000,100.0,7,4,5000000,30000000,57000000,0.0,Not asked (survey skip: screener employment <20),No,No,70.0,0.0,0.0,No,\N,Yes,No,Yes,7.0,No obstacle,No obstacle,No obstacle,Moderate obstacle,Access to land,Are taken directly from establishment records,29,0,7,No,150.0,58.1,75.0,7142857,10.0,60.0,8142857,0.0,Normal,20-29 years,High Growth
1614255,Eastern,Medium,25,1520,15,Manufacture of leather and related products,2003,25,1.148,200000000,150000000,80.0,25,25,40000000,60000000,400000000,0.0,Yes,Yes,No,40.0,0.0,0.0,Yes,\N,Yes,Yes,Yes,2.0,Moderate obstacle,Major obstacle,No obstacle,Major obstacle,Access to finance,Are in some case taken from books and in some case estimates,21,0,2,No,33.3,15.5,0.0,8000000,20.0,30.0,16000000,0.0,Normal,20-29 years,Middle
1614256,Eastern,Large,262,2599,25,Manufacture of fabricated metal products,1983,1,1.000,18000000,4000000,80.0,262,262,\N,14000000,10000000,0.0,Yes,Yes,No,0.0,0.0,0.0,No,\N,No,No,Yes,10.0,Moderate obstacle,Moderate obstacle,No obstacle,Minor obstacle,Tax rates,Are in some case taken from books and in some case estimates,41,0,10,No,350.0,112.1,0.0,68702,\N,77.8,38168,0.0,Normal,30+ years,High Growth
1614258,Central,Medium,12,3220,32,Other manufacturing,2005,35,53.760,20000000,15000000,50.0,6,5,8000000,3000000,50000000,0.0,Not asked (survey skip: screener employment <20),No,Yes,90.0,0.0,0.0,No,\N,No,No,Yes,5.0,Moderate obstacle,Very severe obstacle,Minor obstacle,No obstacle,Access to finance,Are estimates computed with some precision,19,0,5,No,33.3,15.5,20.0,3333333,40.0,15.0,8333333,0.0,Normal,10-19 years,Middle
1614260,Eastern,Small,8,1622,16,Manufacture of wood and products of wood/cork,2012,20,72.492,40000000,30000000,40.0,8,8,19000000,15000000,10000000,0.0,Not asked (survey skip: screener employment <20),Yes,No,60.0,0.0,0.0,No,\N,Yes,Yes,Yes,10.0,Very severe obstacle,Moderate obstacle,Minor obstacle,Major obstacle,Electricity,Are in some case taken from books and in some case estimates,12,0,10,No,33.3,15.5,0.0,5000000,47.5,37.5,1250000,0.0,Normal,10-19 years,Middle
1614261,Eastern,Medium,6,1061,10,Manufacture of food products,2009,16,1.407,38000000,42000000,55.0,6,6,18000000,27000000,20000000,0.0,Not asked (survey skip: screener employment <20),No,No,80.0,0.0,0.0,No,\N,No,No,Yes,5.0,Major obstacle,Minor obstacle,No obstacle,Minor obstacle,Electricity,Are estimates computed with some precision,15,0,5,No,-9.5,-4.9,0.0,6333333,47.4,71.1,3333333,0.0,Normal,10-19 years,Low Growth
1614267,Northern,Medium,16,1040,10,Manufacture of food products,2015,10,24.621,120000000,100000000,80.0,16,5,50000000,60000000,150000000,0.0,Not asked (survey skip: screener employment <20),No,No,20.0,0.0,20.0,No,\N,No,No,Yes,1.0,Minor obstacle,Minor obstacle,Minor obstacle,Major obstacle,Tax rates,Are in some case taken from books and in some case estimates,9,0,1,No,20.0,9.5,220.0,7500000,41.7,50.0,9375000,0.0,Normal,<10 years,Middle
1614268,Central,Large,250,2392,23,Manufacture of other non-metallic mineral products,2000,30,1.000,8000000000,2000000000,80.0,350,150,500000000,2000000000,30000000000,0.0,Yes,Yes,No,50.0,0.0,50.0,No,\N,No,No,Yes,4.0,Minor obstacle,No obstacle,No obstacle,Major obstacle,Practices of competitors in the informal sector,Are in some case taken from books and in some case estimates,24,0,4,No,300.0,100.0,133.3,22857143,6.3,25.0,85714286,0.0,Review,20-29 years,High Growth
1614271,Northern,Small,40,1061,10,Manufacture of food products,2009,10,2.101,150000000,100000000,100.0,40,10,48000000,24000000,10000000,0.0,Yes,No,No,80.0,20.0,0.0,No,\N,Yes,Yes,Yes,2.0,Major obstacle,Major obstacle,Minor obstacle,Major obstacle,Electricity,Are estimates computed with some precision,15,0,2,No,50.0,22.5,300.0,3750000,32.0,16.0,250000,0.0,Normal,10-19 years,Middle
1614276,Eastern,Medium,30,1101,11,Manufacture of beverages,2004,8,1.349,1000000000,900000000,90.0,26,26,180000000,150000000,200000000,0.0,Yes,No,Yes,100.0,0.0,0.0,No,\N,No,No,Yes,12.0,Moderate obstacle,No obstacle,No obstacle,No obstacle,Electricity,Are taken directly from establishment records,20,0,12,No,11.1,5.4,0.0,38461538,18.0,15.0,7692308,0.0,Normal,20-29 years,Middle
1614277,Central,Medium,115,1410,14,Manufacture of wearing apparel,1991,35,42.940,2115600000,2227885000,100.0,115,35,170000000,1370000000,3000000000,0.0,Yes,Yes,No,50.0,0.0,0.0,No,\N,Yes,No,Yes,7.0,Major obstacle,Major obstacle,Minor obstacle,Minor obstacle,Access to finance,Are taken directly from establishment records,33,0,7,No,-5.0,-2.6,228.6,18396522,8.0,64.8,26086957,0.0,Normal,30+ years,Low Growth
1614280,Eastern,Medium,5,1061,10,Manufacture of food products,1987,25,1.407,42000000,38000000,42.0,5,5,18000000,23000000,15420000,0.0,Not asked (survey skip: screener employment <20),No,No,95.0,0.0,0.0,No,\N,No,No,Yes,5.0,Moderate obstacle,Very severe obstacle,Minor obstacle,Very severe obstacle,Access to finance,Are estimates computed with some precision,37,0,5,No,10.5,5.1,0.0,8400000,42.9,54.8,3084000,0.0,Normal,30+ years,Middle
1614283,Central,Large,200,1101,11,Manufacture of beverages,2000,25,1.000,700000000,650000000,90.0,180,50,200000000,400000000,1000000000,0.0,Yes,No,No,40.0,0.0,50.0,No,\N,No,No,No,\N,Minor obstacle,Minor obstacle,Minor obstacle,Minor obstacle,Access to land,Are in some case taken from books and in some case estimates,24,0,0,No,7.7,3.8,260.0,3888889,28.6,57.1,5555556,0.0,Normal,20-29 years,Low Growth
1614286,Central,Large,50,1101,11,Manufacture of beverages,2013,15,1.000,3000000000,1500000000,45.0,50,45,500000000,300000000,1000000000,25.0,No,No,No,80.0,0.0,0.0,No,\N,No,No,No,\N,No obstacle,No obstacle,No obstacle,Moderate obstacle,Tax administration,Are estimates computed with some precision,11,0,0,Yes,100.0,41.4,11.1,60000000,16.7,10.0,20000000,0.0,Normal,10-19 years,High Growth
1614289,Eastern,Medium,60,1079,10,Manufacture of food products,1954,10,1.357,6000000000,5000000000,100.0,45,42,420000000,500000000,1000000,80.0,Yes,No,No,60.0,0.0,10.0,No,\N,No,No,Yes,3.0,Major obstacle,Major obstacle,No obstacle,No obstacle,Access to finance,Are taken directly from establishment records,70,0,3,Yes,20.0,9.5,7.1,133333333,7.0,8.3,22222,0.0,Normal,30+ years,Middle
1614293,Western,Large,100,1079,10,Manufacture of food products,1994,5,1.309,36000000000,30000000000,100.0,100,90,3000000000,1000000000,2000000000,20.0,Yes,No,No,60.0,20.0,20.0,Yes,5000000000,Yes,No,Yes,5.0,Minor obstacle,Minor obstacle,Minor obstacle,No obstacle,Courts,Are in some case taken from books and in some case estimates,30,5000000000,5,Yes,20.0,9.5,11.1,360000000,8.3,2.8,20000000,13.9,Review,30+ years,Middle
1614300,Northern,Small,9,2511,25,Manufacture of fabricated metal products,2010,16,18.669,86500000,41300000,60.0,4,3,8530000,39540000,200570000,0.0,Not asked (survey skip: screener employment <20),No,No,70.0,0.0,10.0,No,\N,No,No,Yes,7.0,Moderate obstacle,Minor obstacle,No obstacle,No obstacle,Tax administration,Are estimates computed with some precision,14,0,7,No,109.4,44.7,33.3,21625000,9.9,45.7,50142500,0.0,Normal,10-19 years,High Growth
1614305,Central,Large,24,1071,10,Manufacture of food products,2008,\N,3.817,650000000,430000000,100.0,24,21,162500000,350000000,\N,0.0,No,No,No,70.0,0.0,30.0,No,\N,No,No,Yes,1.0,Minor obstacle,Minor obstacle,No obstacle,Moderate obstacle,Practices of competitors in the informal sector,Are in some case taken from books and in some case estimates,16,0,1,No,51.2,22.9,14.3,27083333,25.0,53.8,\N,0.0,Normal,10-19 years,Middle
1614307,Central,Medium,5,3312,33,Repair and installation of machinery and equipment,2002,40,416.639,600000000,700000000,70.0,4,6,50000000,200000000,500000000,0.0,Not asked (survey skip: screener employment <20),No,No,70.0,30.0,0.0,Yes,100000000,Yes,Yes,Yes,2.0,Minor obstacle,Minor obstacle,No obstacle,Minor obstacle,Practices of competitors in the informal sector,Are taken directly from establishment records,22,100000000,2,No,-14.3,-7.4,-33.3,150000000,8.3,33.3,125000000,16.7,Normal,20-29 years,Low Growth
1614309,Western,Small,9,1061,10,Manufacture of food products,2002,\N,11.034,48000000,\N,80.0,9,\N,24000000,10000000,50000000,0.0,Not asked (survey skip: screener employment <20),No,Yes,90.0,0.0,0.0,No,\N,No,No,Yes,2.0,Minor obstacle,Minor obstacle,Minor obstacle,Minor obstacle,Tax rates,Are estimates computed with some precision,22,0,2,No,\N,\N,\N,5333333,50.0,20.8,5555556,0.0,Normal,20-29 years,Missing
1614310,Eastern,Medium,80,1511,15,Manufacture of leather and related products,1995,20,1.290,5483616000,2000000000,30.0,200,150,300000000,500000000,300000000,100.0,No,No,No,0.0,0.0,0.0,No,\N,Yes,No,Yes,5.0,Major obstacle,Moderate obstacle,Major obstacle,Very severe obstacle,Corruption,Are in some case taken from books and in some case estimates,29,0,5,Yes,174.2,65.6,33.3,27418080,5.5,9.1,1500000,0.0,Normal,20-29 years,High Growth
1614312,Eastern,Small,13,1071,10,Manufacture of food products,2010,15,7.837,400000000,350000000,90.0,7,7,39000000,80000000,90000000,0.0,Not asked (survey skip: screener employment <20),Yes,No,80.0,0.0,0.0,No,\N,No,No,Yes,5.0,Major obstacle,Major obstacle,Moderate obstacle,Major obstacle,Electricity,Are taken directly from establishment records,14,0,5,No,14.3,6.9,0.0,57142857,9.8,20.0,12857143,0.0,Normal,10-19 years,Middle
1614314,Central,Small,6,2591,25,Manufacture of fabricated metal products,2004,21,157.867,10000000,4000000,100.0,6,8,4000000,\N,25000000,0.0,Not asked (survey skip: screener employment <20),Yes,Yes,68.0,0.0,0.0,Yes,15000000,No,Yes,Yes,8.0,Very severe obstacle,Major obstacle,Moderate obstacle,Moderate obstacle,Access to finance,Are taken directly from establishment records,20,15000000,8,No,150.0,58.1,-25.0,1666667,40.0,\N,4166667,150.0,Normal,20-29 years,High Growth
1614316,Western,Medium,20,1050,10,Manufacture of food products,2016,\N,1.524,\N,\N,80.0,15,\N,142800000,\N,500000000,0.0,Yes,Yes,Yes,100.0,0.0,0.0,Yes,6000000,No,No,Yes,4.0,Moderate obstacle,Minor obstacle,Minor obstacle,Major obstacle,Access to finance,Are estimates computed with some precision,8,6000000,4,No,\N,\N,\N,\N,\N,\N,33333333,\N,Normal,<10 years,Missing
1614317,Eastern,Small,7,1062,10,Manufacture of food products,2019,5,1.798,24000000,20000000,70.0,7,4,10000000,5000000,15000000,0.0,Not asked (survey skip: screener employment <20),No,No,30.0,70.0,0.0,No,\N,Yes,No,Yes,4.0,Major obstacle,Major obstacle,No obstacle,Major obstacle,Electricity,Are taken directly from establishment records,5,0,4,No,20.0,9.5,75.0,3428571,41.7,20.8,2142857,0.0,Normal,<10 years,Middle
1614319,Western,Medium,20,2022,20,Manufacture of chemicals and chemical products,2017,6,2.620,210000000,180000000,40.0,10,5,50000000,150000000,100000000,0.0,Yes,Yes,Yes,20.0,20.0,10.0,Yes,0,Yes,Yes,Yes,3.0,Moderate obstacle,Major obstacle,Moderate obstacle,Very severe obstacle,Practices of competitors in the informal sector,Are estimates computed with some precision,7,0,3,No,16.7,8.0,100.0,21000000,23.8,71.4,10000000,0.0,Normal,<10 years,Middle
1614321,Eastern,Medium,150,1061,10,Manufacture of food products,2005,20,1.610,15000000000,25000000000,50.0,100,150,300000000,11000000000,80000000,0.0,Yes,No,No,100.0,0.0,0.0,No,\N,Yes,No,Yes,1.0,No obstacle,Minor obstacle,No obstacle,Minor obstacle,Customs and trade regulations,Are in some case taken from books and in some case estimates,19,0,1,No,-40.0,-22.5,-33.3,150000000,2.0,73.3,800000,0.0,Review,10-19 years,Low Growth
1614322,Eastern,Large,350,2394,23,Manufacture of other non-metallic mineral products,2018,37,1.000,12000000000,10000000000,40.0,350,350,1000000000,2500000000,4000000000,0.0,Yes,No,No,100.0,0.0,0.0,No,\N,No,No,Yes,4.0,Major obstacle,Minor obstacle,No obstacle,No obstacle,Electricity,Are estimates computed with some precision,6,0,4,No,20.0,9.5,0.0,34285714,8.3,20.8,11428571,0.0,Review,<10 years,Middle
1614327,Central,Medium,10,1811,18,Printing and reproduction of recorded media,2000,20,48.350,30000000,8000000,89.0,8,2,15000000,6000000,50000000,0.0,Not asked (survey skip: screener employment <20),Yes,No,50.0,0.0,2.0,No,\N,No,No,No,\N,No obstacle,Minor obstacle,No obstacle,Minor obstacle,Corruption,Are in some case taken from books and in some case estimates,24,0,0,No,275.0,93.6,300.0,3750000,50.0,20.0,6250000,0.0,Normal,20-29 years,High Growth
1614329,Eastern,Medium,6,3100,31,Manufacture of furniture,2010,15,1.664,250000000,230000000,90.0,5,5,25200000,30000000,60000000,0.0,Not asked (survey skip: screener employment <20),No,No,90.0,0.0,0.0,No,\N,No,No,No,\N,Moderate obstacle,Moderate obstacle,No obstacle,Major obstacle,Practices of competitors in the informal sector,Are taken directly from establishment records,14,0,0,No,8.7,4.3,0.0,50000000,10.1,12.0,12000000,0.0,Normal,10-19 years,Middle
1614330,Western,Medium,11,2511,25,Manufacture of fabricated metal products,2007,18,2.620,650000000,470000000,90.0,7,7,85800000,50000000,70000000,0.0,Not asked (survey skip: screener employment <20),Yes,Yes,80.0,0.0,0.0,No,\N,No,No,Yes,4.0,Very severe obstacle,Major obstacle,Moderate obstacle,Moderate obstacle,Electricity,Are taken directly from establishment records,17,0,4,No,38.3,17.6,0.0,92857143,13.2,7.7,10000000,0.0,Normal,10-19 years,Middle
1614332,Central,Large,51,2720,27,Manufacture of electrical equipment,1967,28,1.575,500000000,300000000,95.0,51,15,150000000,250000000,700000000,0.0,Yes,No,No,50.0,0.0,35.0,No,\N,No,No,Yes,2.0,Minor obstacle,Minor obstacle,Minor obstacle,No obstacle,Tax rates,Are in some case taken from books and in some case estimates,57,0,2,No,66.7,29.1,240.0,9803922,30.0,50.0,13725490,0.0,Normal,30+ years,High Growth
1614337,Central,Large,1500,1410,14,Manufacture of wearing apparel,2015,8,1.575,32000000000,30000000000,76.0,1500,1350,300000000,21000000000,55000000000,30.0,Yes,Yes,No,40.0,20.0,10.0,No,\N,Yes,No,Yes,5.0,Very severe obstacle,Major obstacle,Minor obstacle,No obstacle,Electricity,Are in some case taken from books and in some case estimates,9,0,5,Yes,6.7,3.3,11.1,21333333,0.9,65.6,36666667,0.0,Review,<10 years,Low Growth
1614340,Eastern,Medium,40,1079,10,Manufacture of food products,1988,39,1.610,120000000,90000000,60.0,30,25,36000000,31000000,200000000,0.0,Yes,No,No,80.0,20.0,0.0,Yes,20000000,Yes,No,Yes,4.0,Very severe obstacle,Major obstacle,Minor obstacle,Major obstacle,Practices of competitors in the informal sector,Are taken directly from establishment records,36,20000000,4,No,33.3,15.5,20.0,4000000,30.0,25.8,6666667,16.7,Normal,30+ years,Middle
1614341,Central,Large,43,2220,22,Manufacture of rubber and plastics products,1997,27,1.575,650000000,450000000,95.0,35,20,25000000,300000000,180000000,20.0,Yes,No,Yes,60.0,40.0,0.0,Yes,180000000,Yes,No,Yes,9.0,No obstacle,No obstacle,No obstacle,Moderate obstacle,Tax administration,Are taken directly from establishment records,27,180000000,9,Yes,44.4,20.2,75.0,18571429,3.8,46.2,5142857,27.7,Normal,20-29 years,Middle
1614342,Western,Medium,150,1030,10,Manufacture of food products,2008,17,2.620,36000000000,35000000000,80.0,45,45,900000000,\N,\N,0.0,Yes,Yes,No,\N,\N,\N,No,\N,Yes,No,Yes,\N,No obstacle,\N,Minor obstacle,\N,Electricity,Are in some case taken from books and in some case estimates,16,0,0,No,2.9,1.4,0.0,800000000,2.5,\N,\N,0.0,Review,10-19 years,Low Growth
1614344,Central,Medium,15,1080,10,Manufacture of food products,2013,20,23.458,80000000,65000000,75.0,15,5,25000000,40000000,200000000,0.0,Not asked (survey skip: screener employment <20),No,No,70.0,0.0,30.0,No,\N,No,No,Yes,3.0,Minor obstacle,No obstacle,No obstacle,Minor obstacle,Tax rates,Are in some case taken from books and in some case estimates,11,0,3,No,23.1,10.9,200.0,5333333,31.3,50.0,13333333,0.0,Normal,10-19 years,Middle
1614346,Western,Large,520,1079,10,Manufacture of food products,1969,15,1.309,9400000000,21000000000,100.0,266,316,750000000,2600000000,15000000000,90.0,Yes,No,No,70.0,0.0,30.0,No,\N,Yes,No,Yes,8.0,Very severe obstacle,Major obstacle,Minor obstacle,\N,Electricity,Are taken directly from establishment records,55,0,8,Yes,-55.2,-33.1,-15.8,35338346,8.0,27.7,56390977,0.0,Review,30+ years,Low Growth
1614348,Western,Large,300,1050,10,Manufacture of food products,2014,26,1.262,82800000000,\N,25.0,20,20,\N,46800000000,50000000000,20.0,Yes,No,Yes,100.0,0.0,0.0,Yes,0,No,No,Yes,4.0,Minor obstacle,Minor obstacle,Moderate obstacle,\N,Tax rates,Are estimates computed with some precision,10,0,4,Yes,\N,\N,0.0,4140000000,\N,56.5,2500000000,0.0,Review,10-19 years,Missing
1614349,Eastern,Small,15,1629,16,Manufacture of wood and products of wood/cork,2017,17,68.514,6000000,2000000,40.0,15,9,3000000,4000000,28000000,0.0,Not asked (survey skip: screener employment <20),No,Yes,100.0,0.0,0.0,No,\N,No,No,Yes,10.0,Major obstacle,Moderate obstacle,No obstacle,Very severe obstacle,Electricity,Are in some case taken from books and in some case estimates,7,0,10,No,200.0,73.2,66.7,400000,50.0,66.7,1866667,0.0,Normal,<10 years,High Growth
1614352,Western,Medium,7,2511,25,Manufacture of fabricated metal products,2013,12,2.620,575000000,300000000,90.0,9,9,42000000,45000000,30000000,0.0,Not asked (survey skip: screener employment <20),Yes,No,70.0,0.0,0.0,No,\N,No,No,Yes,3.0,Very severe obstacle,Very severe obstacle,Moderate obstacle,Major obstacle,Electricity,Are taken directly from establishment records,11,0,3,No,91.7,38.4,0.0,63888889,7.3,7.8,3333333,0.0,Normal,10-19 years,High Growth
1614354,Eastern,Medium,140,2511,25,Manufacture of fabricated metal products,2010,25,1.664,900000000,1100000000,60.0,140,132,300000000,500000000,150000000,0.0,Yes,No,No,98.0,0.0,2.0,No,\N,No,No,Yes,8.0,Major obstacle,Moderate obstacle,No obstacle,Minor obstacle,Electricity,Are in some case taken from books and in some case estimates,14,0,8,No,-18.2,-9.5,6.1,6428571,33.3,55.6,1071429,0.0,Normal,10-19 years,Low Growth
1614355,Northern,Medium,15,2599,25,Manufacture of fabricated metal products,2013,12,2.643,2700000000,1300000000,60.0,15,15,500000000,800000000,3000000000,0.0,Not asked (survey skip: screener employment <20),No,No,95.0,0.0,0.0,No,\N,No,No,No,\N,Moderate obstacle,No obstacle,No obstacle,No obstacle,Electricity,Are in some case taken from books and in some case estimates,11,0,0,No,107.7,44.1,0.0,180000000,18.5,29.6,200000000,0.0,Normal,10-19 years,High Growth
1614359,Central,Medium,500,1072,10,Manufacture of food products,2012,20,23.458,1200000000,950000000,35.0,205,200,300000000,100000000,\N,0.0,Yes,Yes,No,90.0,5.0,0.0,No,\N,No,No,Yes,5.0,Moderate obstacle,Major obstacle,Minor obstacle,Minor obstacle,Access to finance,Are in some case taken from books and in some case estimates,12,0,5,No,26.3,12.4,2.5,5853659,25.0,8.3,\N,0.0,Normal,10-19 years,Middle
1614361,Northern,Large,450,1040,10,Manufacture of food products,2008,15,1.000,150000000000,120000000000,100.0,400,300,4300000000,10000000000,15000000000,15.0,Yes,Yes,No,10.0,60.0,30.0,No,\N,Yes,Yes,Yes,4.0,Moderate obstacle,Minor obstacle,Minor obstacle,Major obstacle,Access to land,Are in some case taken from books and in some case estimates,16,0,4,Yes,25.0,11.8,33.3,375000000,2.9,6.7,37500000,0.0,Review,10-19 years,Middle
1614365,Central,Large,272,1811,18,Printing and reproduction of recorded media,1986,18,2.079,100000000000,95000000000,100.0,222,230,9466088000,13462091000,23246174000,0.0,Yes,Yes,Yes,93.0,7.0,0.0,No,\N,No,Yes,Yes,2.0,No obstacle,No obstacle,No obstacle,Minor obstacle,Practices of competitors in the informal sector,Are taken directly from establishment records,38,0,2,No,5.3,2.6,-3.5,450450450,9.5,13.5,104712495,0.0,Review,30+ years,Low Growth
1614370,Northern,Small,17,2511,25,Manufacture of fabricated metal products,2019,7,18.669,280000000,270000000,50.0,17,17,58000000,85000000,1000000000,0.0,Not asked (survey skip: screener employment <20),No,No,100.0,0.0,0.0,No,\N,No,No,No,\N,No obstacle,No obstacle,No obstacle,No obstacle,Tax rates,Are in some case taken from books and in some case estimates,5,0,0,No,3.7,1.8,0.0,16470588,20.7,30.4,58823529,0.0,Normal,<10 years,Low Growth
1614372,Central,Large,200,2220,22,Manufacture of rubber and plastics products,1996,15,1.575,9600000000,8000000000,\N,200,150,500000000,250000000,1000000000,10.0,No,No,No,0.0,0.0,0.0,No,\N,No,No,No,\N,Minor obstacle,No obstacle,No obstacle,No obstacle,\N,Are estimates computed with some precision,28,0,0,Yes,20.0,9.5,33.3,48000000,5.2,2.6,5000000,0.0,Review,20-29 years,Middle
1614373,Eastern,Large,28,1079,10,Manufacture of food products,1997,35,1.000,10000000000,8500000000,20.0,28,14,500000000,3000000000,1550000000,100.0,Yes,No,No,60.0,0.0,0.0,Yes,1000000000,No,No,Yes,8.0,Minor obstacle,No obstacle,No obstacle,No obstacle,Customs and trade regulations,Are in some case taken from books and in some case estimates,27,1000000000,8,Yes,17.6,8.5,100.0,357142857,5.0,30.0,55357143,10.0,Review,20-29 years,Middle
1614376,Northern,Large,15,1061,10,Manufacture of food products,2009,13,1.000,450000000,450000000,45.0,15,10,45000000,50000000,1000000000,0.0,Not asked (survey skip: screener employment <20),No,No,100.0,0.0,0.0,No,\N,No,No,No,\N,Minor obstacle,No obstacle,No obstacle,Minor obstacle,Tax rates,Are estimates computed with some precision,15,0,0,No,0.0,0.0,50.0,30000000,10.0,11.1,66666667,0.0,Normal,10-19 years,Low Growth
1614377,Eastern,Small,18,1061,10,Manufacture of food products,2010,15,7.895,100000000,70000000,90.0,6,6,24000000,31000000,120000000,0.0,Not asked (survey skip: screener employment <20),No,No,60.0,20.0,0.0,No,\N,Yes,Yes,No,\N,Major obstacle,Very severe obstacle,Major obstacle,Major obstacle,Corruption,Are taken directly from establishment records,14,0,0,No,42.9,19.5,0.0,16666667,24.0,31.0,20000000,0.0,Normal,10-19 years,Middle
1614381,Western,Medium,5,2511,25,Manufacture of fabricated metal products,2017,10,2.620,40000000,10000000,4.0,5,2,5000000,20000000,8000000,0.0,Not asked (survey skip: screener employment <20),No,No,40.0,0.0,10.0,Yes,1500000,No,No,Yes,4.0,Major obstacle,Major obstacle,Minor obstacle,Minor obstacle,Electricity,Are estimates computed with some precision,7,1500000,4,No,300.0,100.0,150.0,8000000,12.5,50.0,1600000,3.8,Normal,<10 years,High Growth
1614384,Western,Medium,5,3100,31,Manufacture of furniture,2018,10,2.620,13000000,\N,56.0,5,3,7200000,\N,500000,0.0,Not asked (survey skip: screener employment <20),No,No,80.0,0.0,20.0,No,\N,No,No,No,\N,\N,Major obstacle,No obstacle,Moderate obstacle,Tax rates,Are estimates computed with some precision,6,0,0,No,\N,\N,66.7,2600000,55.4,\N,100000,0.0,Normal,<10 years,Missing
1614386,Northern,Small,12,1061,10,Manufacture of food products,2010,17,1.645,121000000,97640000,70.0,8,8,13420000,57900000,545000000,0.0,Not asked (survey skip: screener employment <20),No,No,70.0,0.0,20.0,No,\N,No,No,Yes,7.0,Minor obstacle,Minor obstacle,No obstacle,No obstacle,Tax rates,Are estimates computed with some precision,14,0,7,No,23.9,11.3,0.0,15125000,11.1,47.9,68125000,0.0,Normal,10-19 years,Middle
1614394,Central,Large,180,2410,24,Manufacture of basic metals,1964,30,1.575,311849205000,297796133000,50.0,180,150,11370810000,26410481500,70000000000,5.0,Yes,No,No,100.0,0.0,0.0,Yes,1000000000,No,No,Yes,30.0,No obstacle,No obstacle,No obstacle,Very severe obstacle,Tax administration,Are taken directly from establishment records,60,1000000000,30,Yes,4.7,2.3,20.0,1732495583,3.6,8.5,388888889,0.3,Review,30+ years,Low Growth
1614398,Western,Medium,10,1079,10,Manufacture of food products,2019,10,1.650,24000000,21000000,30.0,2,2,15600000,5000000,1200000,0.0,Not asked (survey skip: screener employment <20),No,No,10.0,0.0,0.0,Yes,3000000,No,No,Yes,8.0,Moderate obstacle,Major obstacle,Moderate obstacle,Moderate obstacle,Access to land,Are estimates computed with some precision,5,3000000,8,No,14.3,6.9,0.0,12000000,65.0,20.8,600000,12.5,Normal,<10 years,Middle
1614399,Central,Large,122,1394,13,Manufacture of textiles,1963,20,1.575,11000000000,10000000000,40.0,120,160,800000000,7000000000,300000000,15.0,Yes,Yes,No,20.0,40.0,40.0,No,\N,Yes,No,No,\N,No obstacle,Minor obstacle,No obstacle,Minor obstacle,"Crime, theft and disorder",Are taken directly from establishment records,61,0,0,Yes,10.0,4.9,-25.0,91666667,7.3,63.6,2500000,0.0,Review,30+ years,Middle
1614402,Central,Small,12,1080,10,Manufacture of food products,2000,13,30.086,68000000,35000000,90.0,12,6,25000000,40000000,80000000,0.0,Not asked (survey skip: screener employment <20),No,No,50.0,0.0,50.0,No,\N,No,No,Yes,2.0,Moderate obstacle,No obstacle,No obstacle,No obstacle,Tax rates,Are in some case taken from books and in some case estimates,24,0,2,No,94.3,39.4,100.0,5666667,36.8,58.8,6666667,0.0,Normal,20-29 years,High Growth
1614403,Central,Large,12,1920,19,Manufacture of coke and refined petroleum products,2005,15,1.575,70000000,50000000,100.0,12,5,28000000,45000000,50000000,0.0,Not asked (survey skip: screener employment <20),No,No,50.0,0.0,40.0,No,\N,No,No,Yes,2.0,No obstacle,No obstacle,Minor obstacle,No obstacle,Tax rates,Are in some case taken from books and in some case estimates,19,0,2,No,40.0,18.3,140.0,5833333,40.0,64.3,4166667,0.0,Normal,10-19 years,Middle
1614406,Western,Large,1242,1079,10,Manufacture of food products,1960,6,1.309,27000000000,27180000000,77.0,1384,1711,2988000000,15628496000,50000000000,99.0,Yes,No,No,100.0,0.0,0.0,No,\N,No,No,Yes,4.0,Major obstacle,No obstacle,No obstacle,\N,Tax rates,Are in some case taken from books and in some case estimates,64,0,4,Yes,-0.7,-0.3,-19.1,19508671,11.1,57.9,36127168,0.0,Review,30+ years,Low Growth
1614408,Central,Large,325,2220,22,Manufacture of rubber and plastics products,1992,30,1.575,830000000000,900000000000,95.0,325,300,20400000000,500000000000,700000000000,50.0,Yes,Yes,Yes,70.0,10.0,20.0,No,\N,Yes,Yes,No,\N,Moderate obstacle,Minor obstacle,Moderate obstacle,Minor obstacle,Tax rates,Are in some case taken from books and in some case estimates,32,0,0,Yes,-7.8,-4.0,8.3,2553846154,2.5,60.2,2153846154,0.0,Review,30+ years,Low Growth
1614427,Western,Medium,31,1061,10,Manufacture of food products,2005,20,2.620,371000000,300000000,90.0,25,25,167400000,131000000,400000000,0.0,Yes,No,No,60.0,0.0,20.0,No,\N,No,No,Yes,3.0,Major obstacle,Moderate obstacle,No obstacle,Minor obstacle,Electricity,Are taken directly from establishment records,19,0,3,No,23.7,11.2,0.0,14840000,45.1,35.3,16000000,0.0,Normal,10-19 years,Middle
1614428,Central,Small,120,2022,20,Manufacture of chemicals and chemical products,1980,12,157.867,43673000000,36000000000,95.0,120,100,1100000000,\N,5000000000,40.0,Yes,Yes,No,60.0,0.0,40.0,No,\N,No,No,Yes,4.0,Minor obstacle,Minor obstacle,Minor obstacle,Major obstacle,Practices of competitors in the informal sector,Are estimates computed with some precision,44,0,4,Yes,21.3,10.1,20.0,363941667,2.5,\N,41666667,0.0,Review,30+ years,Middle
1614432,Northern,Small,6,1061,10,Manufacture of food products,2010,16,1.645,38300000,35740000,70.0,3,3,5100000,11000000,89400000,0.0,Not asked (survey skip: screener employment <20),No,No,90.0,0.0,0.0,No,\N,No,No,Yes,6.0,Moderate obstacle,Minor obstacle,No obstacle,No obstacle,Tax rates,Are estimates computed with some precision,14,0,6,No,7.2,3.5,0.0,12766667,13.3,28.7,29800000,0.0,Normal,10-19 years,Low Growth
1614441,Northern,Small,22,1061,10,Manufacture of food products,2005,20,1.645,1000000000,800000000,65.0,22,22,80000000,30000000,2000000000,0.0,No,No,No,90.0,0.0,0.0,No,\N,No,No,No,\N,Minor obstacle,No obstacle,No obstacle,Moderate obstacle,Tax rates,Are in some case taken from books and in some case estimates,19,0,0,No,25.0,11.8,0.0,45454545,8.0,3.0,90909091,0.0,Normal,10-19 years,Middle
1614444,Central,Small,6,1410,14,Manufacture of wearing apparel,2016,1,259.947,30000000,15000000,60.0,3,2,12000000,2500000,40000000,0.0,Not asked (survey skip: screener employment <20),No,No,100.0,0.0,0.0,No,\N,No,No,No,\N,Minor obstacle,Minor obstacle,No obstacle,Moderate obstacle,Practices of competitors in the informal sector,Are in some case taken from books and in some case estimates,8,0,0,No,100.0,41.4,50.0,10000000,40.0,8.3,13333333,0.0,Normal,<10 years,High Growth
1614446,Western,Medium,152,1079,10,Manufacture of food products,2011,60,1.650,3660000000,13000000000,20.0,45,54,800000000,700000000,4500000000,0.0,No,No,Yes,0.0,30.0,0.0,No,\N,Yes,No,Yes,8.0,Major obstacle,Major obstacle,Minor obstacle,Moderate obstacle,Tax rates,Are in some case taken from books and in some case estimates,13,0,8,No,-71.8,-46.9,-16.7,81333333,21.9,19.1,100000000,0.0,Normal,10-19 years,Low Growth
1614447,Eastern,Medium,12,1061,10,Manufacture of food products,2014,11,1.610,120000000,100000000,90.0,12,20,18000000,40000000,170000000,0.0,Not asked (survey skip: screener employment <20),No,No,60.0,20.0,0.0,No,\N,No,Yes,Yes,10.0,Very severe obstacle,Major obstacle,Very severe obstacle,Moderate obstacle,Electricity,Are taken directly from establishment records,10,0,10,No,20.0,9.5,-40.0,10000000,15.0,33.3,14166667,0.0,Normal,10-19 years,Middle
1614451,Northern,Small,7,2511,25,Manufacture of fabricated metal products,2011,17,43.730,50330000,43180000,45.0,4,4,7420000,10210000,163470000,0.0,Not asked (survey skip: screener employment <20),No,No,60.0,0.0,20.0,No,\N,No,No,Yes,8.0,Major obstacle,Minor obstacle,No obstacle,Minor obstacle,Electricity,Are estimates computed with some precision,13,0,8,No,16.6,8.0,0.0,12582500,14.7,20.3,40867500,0.0,Normal,10-19 years,Middle
1614452,Central,Large,500,2821,28,Manufacture of machinery and equipment n.e.c.,1983,30,1.575,400000000000,300000000000,45.0,400,100,10000000000,12000000000,15000000000,0.0,No,No,No,100.0,0.0,0.0,No,\N,\N,No,No,\N,No obstacle,No obstacle,Minor obstacle,No obstacle,Tax administration,Are estimates computed with some precision,41,0,0,No,33.3,15.5,300.0,1000000000,2.5,3.0,37500000,0.0,Review,30+ years,Middle
1614456,Eastern,Medium,8,2511,25,Manufacture of fabricated metal products,2016,10,1.664,74700000,51260000,30.0,4,4,10200000,15000000,182000000,0.0,Not asked (survey skip: screener employment <20),No,No,90.0,0.0,0.0,No,\N,No,Yes,Yes,5.0,Moderate obstacle,Very severe obstacle,No obstacle,No obstacle,Access to finance,Are estimates computed with some precision,8,0,5,No,45.7,20.7,0.0,18675000,13.7,20.1,45500000,0.0,Normal,<10 years,Middle
1614457,Central,Large,100,1104,11,Manufacture of beverages,1950,30,1.575,15000000000,10000000000,100.0,100,40,500000000,800000000,20000000000,0.0,Yes,No,No,50.0,0.0,50.0,No,\N,No,No,No,\N,Minor obstacle,No obstacle,No obstacle,Minor obstacle,Tax rates,Are in some case taken from books and in some case estimates,74,0,0,No,50.0,22.5,150.0,150000000,3.3,5.3,200000000,0.0,Review,30+ years,Middle
1614460,Western,Medium,5,3100,31,Manufacture of furniture,2023,4,22.385,\N,\N,3.0,3,\N,\N,\N,\N,0.0,Not asked (survey skip: screener employment <20),No,No,30.0,0.0,70.0,No,\N,No,No,No,\N,Major obstacle,Major obstacle,Major obstacle,Major obstacle,Access to finance,Are estimates computed with some precision,1,0,0,No,\N,\N,\N,\N,\N,\N,\N,0.0,Normal,<10 years,Missing
1614461,Central,Large,250,3100,31,Manufacture of furniture,2001,20,1.575,259000000000,\N,100.0,250,160,2400000000,68000000000,\N,13.0,Yes,No,No,90.0,0.0,0.0,No,\N,No,No,Yes,6.0,Minor obstacle,Minor obstacle,No obstacle,Moderate obstacle,Practices of competitors in the informal sector,Are in some case taken from books and in some case estimates,23,0,6,Yes,\N,\N,56.3,1036000000,0.9,26.3,\N,0.0,Review,20-29 years,Missing
1614469,Central,Large,800,2394,23,Manufacture of other non-metallic mineral products,1994,28,1.575,25000000000,15000000000,99.0,52,25,2000000000,15000000000,18000000000,50.0,Yes,Yes,No,70.0,0.0,10.0,No,\N,No,No,No,\N,No obstacle,No obstacle,Minor obstacle,Minor obstacle,Tax rates,Are in some case taken from books and in some case estimates,30,0,0,Yes,66.7,29.1,108.0,480769231,8.0,60.0,346153846,0.0,Review,30+ years,High Growth
1614470,Northern,Medium,15,1102,11,Manufacture of beverages,2016,9,2.643,\N,\N,\N,10,9,\N,\N,92340000,0.0,Not asked (survey skip: screener employment <20),Yes,Yes,90.0,0.0,0.0,No,\N,No,No,Yes,8.0,Major obstacle,Moderate obstacle,Major obstacle,Moderate obstacle,Tax rates,Are estimates computed with some precision,8,0,8,No,\N,\N,11.1,\N,\N,\N,9234000,0.0,Normal,<10 years,Missing
1614471,Central,Large,800,2410,24,Manufacture of basic metals,2001,30,1.575,2000000000,900000000,100.0,85,40,700000000,1000000000,8000000000,25.0,Yes,Yes,No,60.0,5.0,20.0,Yes,600000000,No,Yes,Yes,2.0,No obstacle,No obstacle,No obstacle,No obstacle,Tax rates,Are in some case taken from books and in some case estimates,23,600000000,2,Yes,122.2,49.1,112.5,23529412,35.0,50.0,94117647,30.0,Normal,20-29 years,High Growth
1614472,Central,Small,20,1061,10,Manufacture of food products,2017,18,30.086,80000000,50000000,50.0,13,10,7200000,30000000,120000000,0.0,Yes,Yes,Yes,0.0,0.0,100.0,Yes,5000000,No,No,No,\N,Minor obstacle,Major obstacle,No obstacle,Major obstacle,Access to finance,Are estimates computed with some precision,7,5000000,0,No,60.0,26.5,30.0,6153846,9.0,37.5,9230769,6.3,Normal,<10 years,Middle
1614474,Western,Medium,40,1061,10,Manufacture of food products,1997,6,1.650,\N,\N,3.0,6,6,\N,\N,\N,0.0,Yes,No,No,80.0,20.0,0.0,No,\N,No,Yes,Yes,6.0,Major obstacle,Moderate obstacle,Minor obstacle,Minor obstacle,Electricity,Are arbitrary and unreliable numbers,27,0,6,No,\N,\N,0.0,\N,\N,\N,\N,0.0,Normal,20-29 years,Missing
1614477,Western,Medium,5,1079,10,Manufacture of food products,2005,4,1.650,180000000,\N,82.0,5,5,20000000,\N,50000000,0.0,Not asked (survey skip: screener employment <20),No,No,100.0,0.0,0.0,No,\N,No,No,No,\N,Minor obstacle,No obstacle,No obstacle,\N,Electricity,Are estimates computed with some precision,19,0,0,No,\N,\N,0.0,36000000,11.1,\N,10000000,0.0,Normal,10-19 years,Missing
1614480,Eastern,Medium,130,1200,12,Manufacture of tobacco products,2010,30,1.664,4000000000,3700000000,65.0,130,100,500000000,3000000000,300000000,96.0,Yes,No,No,100.0,0.0,0.0,No,\N,No,No,Yes,12.0,Moderate obstacle,Moderate obstacle,No obstacle,Minor obstacle,Electricity,Are in some case taken from books and in some case estimates,14,0,12,Yes,8.1,4.0,30.0,30769231,12.5,75.0,2307692,0.0,Normal,10-19 years,Low Growth
1614485,Central,Large,1000,1104,11,Manufacture of beverages,1886,10,1.575,\N,\N,\N,1000,1000,\N,\N,80000000000,0.0,Yes,No,No,100.0,0.0,0.0,Yes,100000000,No,No,Yes,2.0,Very severe obstacle,No obstacle,No obstacle,Very severe obstacle,Practices of competitors in the informal sector,Are taken directly from establishment records,138,100000000,2,No,\N,\N,0.0,\N,\N,\N,80000000,\N,Normal,30+ years,Missing
1614493,Northern,Small,10,1071,10,Manufacture of food products,2020,10,1.645,7200000,4200000,2.0,5,4,\N,5000000,36400000,0.0,Not asked (survey skip: screener employment <20),No,No,70.0,0.0,10.0,No,\N,No,No,No,\N,Major obstacle,Very severe obstacle,No obstacle,Very severe obstacle,Access to finance,Are estimates computed with some precision,4,0,0,No,71.4,30.9,25.0,1440000,\N,69.4,7280000,0.0,Normal,<10 years,High Growth
1614494,Eastern,Small,11,1061,10,Manufacture of food products,2010,15,7.895,500000000,450000000,95.0,10,9,59400000,60000000,80000000,0.0,Not asked (survey skip: screener employment <20),No,No,70.0,0.0,10.0,No,\N,No,No,Yes,5.0,Major obstacle,Very severe obstacle,No obstacle,Minor obstacle,Access to finance,Are taken directly from establishment records,14,0,5,No,11.1,5.4,11.1,50000000,11.9,12.0,8000000,0.0,Normal,10-19 years,Middle
1614495,Central,Large,400,1071,10,Manufacture of food products,2010,10,1.569,50000000000,60000000000,80.0,150,90,1000000000,20000000000,50000000000,0.0,Yes,Yes,Yes,50.0,20.0,30.0,Yes,25000000,No,No,Yes,30.0,No obstacle,No obstacle,Minor obstacle,Moderate obstacle,Practices of competitors in the informal sector,Are taken directly from establishment records,14,25000000,30,No,-16.7,-8.7,66.7,333333333,2.0,40.0,333333333,0.1,Review,10-19 years,Low Growth
1614496,Eastern,Small,8,1071,10,Manufacture of food products,2016,9,7.895,38000000,32650000,50.0,5,5,15000000,10000000,18000000,0.0,Not asked (survey skip: screener employment <20),Yes,No,70.0,0.0,0.0,No,\N,No,No,Yes,4.0,Major obstacle,Major obstacle,No obstacle,Moderate obstacle,Access to finance,Are estimates computed with some precision,8,0,4,No,16.4,7.9,0.0,7600000,39.5,26.3,3600000,0.0,Normal,<10 years,Middle
1614501,Northern,Small,80,1040,10,Manufacture of food products,2011,4,1.645,400000000,300000000,80.0,80,60,150000000,100000000,800000000,0.0,Yes,No,No,60.0,0.0,30.0,No,\N,No,No,Yes,4.0,Moderate obstacle,Minor obstacle,Minor obstacle,No obstacle,Practices of competitors in the informal sector,Are in some case taken from books and in some case estimates,13,0,4,No,33.3,15.5,33.3,5000000,37.5,25.0,10000000,0.0,Normal,10-19 years,Middle
1614504,Northern,Small,15,1040,10,Manufacture of food products,2013,15,1.645,100000000,80000000,100.0,15,6,30000000,150000000,300000000,0.0,Not asked (survey skip: screener employment <20),No,No,60.0,0.0,20.0,Yes,25000000,No,No,Yes,4.0,Moderate obstacle,Major obstacle,No obstacle,Very severe obstacle,Practices of competitors in the informal sector,Are in some case taken from books and in some case estimates,11,25000000,4,No,25.0,11.8,150.0,6666667,30.0,150.0,20000000,25.0,Normal,10-19 years,Middle
1614507,Western,Medium,20,1071,10,Manufacture of food products,2021,10,1.650,444000000,180000000,50.0,13,13,15000000,360000000,45000000,0.0,Yes,Yes,Yes,50.0,0.0,30.0,No,\N,Yes,No,No,\N,Very severe obstacle,Major obstacle,Moderate obstacle,Moderate obstacle,"Crime, theft and disorder",Are in some case taken from books and in some case estimates,3,0,0,No,146.7,57.1,0.0,34153846,3.4,81.1,3461538,0.0,Normal,<10 years,High Growth
1614513,Central,Small,6,1410,14,Manufacture of wearing apparel,2007,12,259.947,219000000,113000000,100.0,6,4,4000000,100000000,220000000,0.0,Not asked (survey skip: screener employment <20),No,No,20.0,80.0,0.0,No,\N,No,No,Yes,4.0,Major obstacle,Very severe obstacle,No obstacle,No obstacle,Access to finance,Are estimates computed with some precision,17,0,4,No,93.8,39.2,50.0,36500000,1.8,45.7,36666667,0.0,Normal,10-19 years,High Growth
1614518,Northern,Small,55,1071,10,Manufacture of food products,2014,15,1.645,3600000000,\N,3.0,6,4,144000000,2520000000,300000000,0.0,Yes,Yes,Yes,80.0,0.0,10.0,Yes,150000000,No,No,Yes,0.0,Major obstacle,Major obstacle,Moderate obstacle,Moderate obstacle,Transport,Are estimates computed with some precision,10,150000000,0,No,\N,\N,50.0,600000000,4.0,70.0,50000000,4.2,Normal,10-19 years,Missing
1614519,Eastern,Medium,6,2511,25,Manufacture of fabricated metal products,2005,30,1.664,15000000,12500000,75.0,3,3,7000000,9000000,4000000,0.0,Not asked (survey skip: screener employment <20),Yes,No,60.0,0.0,0.0,No,\N,No,No,Yes,12.0,Major obstacle,Very severe obstacle,No obstacle,Major obstacle,Access to finance,Are estimates computed with some precision,19,0,12,No,20.0,9.5,0.0,5000000,46.7,60.0,1333333,0.0,Normal,10-19 years,Middle
1614520,Central,Large,150,1071,10,Manufacture of food products,2012,20,1.569,800000000,150000000,100.0,150,40,400000000,150000000,150000000000,20.0,Yes,Yes,No,70.0,0.0,0.0,No,\N,No,No,Yes,4.0,No obstacle,Minor obstacle,No obstacle,No obstacle,Tax rates,Are in some case taken from books and in some case estimates,12,0,4,Yes,433.3,130.9,275.0,5333333,50.0,18.8,1000000000,0.0,Normal,10-19 years,High Growth
1614522,Western,Large,364,1072,10,Manufacture of food products,2019,10,1.309,21000000000,18000000000,80.0,262,164,1824000000,\N,10000000000,20.0,Yes,Yes,No,60.0,0.0,0.0,Yes,\N,No,No,No,\N,Minor obstacle,Minor obstacle,No obstacle,Moderate obstacle,Practices of competitors in the informal sector,Are in some case taken from books and in some case estimates,5,0,0,Yes,16.7,8.0,59.8,80152672,8.7,\N,38167939,0.0,Review,<10 years,Middle
1614523,Eastern,Small,6,2511,25,Manufacture of fabricated metal products,2006,27,68.514,26000000,28000000,100.0,6,8,7200000,18000000,8000000,0.0,Not asked (survey skip: screener employment <20),No,No,80.0,0.0,0.0,No,\N,No,No,Yes,11.0,Major obstacle,Very severe obstacle,Minor obstacle,Major obstacle,Access to finance,Are in some case taken from books and in some case estimates,18,0,11,No,-7.1,-3.6,-25.0,4333333,27.7,69.2,1333333,0.0,Normal,10-19 years,Low Growth
1614524,Western,Medium,175,1061,10,Manufacture of food products,2013,\N,1.650,\N,\N,85.0,25,25,\N,\N,\N,15.0,Yes,No,No,\N,\N,\N,Yes,\N,Yes,Yes,Yes,\N,Minor obstacle,Minor obstacle,Minor obstacle,No obstacle,"Crime, theft and disorder",Are estimates computed with some precision,11,0,0,Yes,\N,\N,0.0,\N,\N,\N,\N,\N,Normal,10-19 years,Missing
1614525,Central,Large,350,2410,24,Manufacture of basic metals,2000,25,1.575,365000000000,255500000000,15.0,350,245,24000000000,350000000000,100000000000,15.0,Yes,No,No,80.0,0.0,0.0,No,\N,No,No,\N,\N,Very severe obstacle,No obstacle,Minor obstacle,Minor obstacle,Electricity,Are estimates computed with some precision,24,0,\N,Yes,42.9,19.5,42.9,1042857143,6.6,95.9,285714286,0.0,Review,20-29 years,Middle
1614527,Central,Large,200,2392,23,Manufacture of other non-metallic mineral products,2003,26,1.575,3000000000,2000000000,98.0,200,100,380000000,1800000000,7000000000,0.0,Yes,Yes,No,70.0,0.0,20.0,No,\N,No,No,Yes,6.0,No obstacle,Minor obstacle,No obstacle,No obstacle,Tax rates,Are in some case taken from books and in some case estimates,21,0,6,No,50.0,22.5,100.0,15000000,12.7,60.0,35000000,0.0,Normal,20-29 years,Middle
1614531,Central,Small,15,1079,10,Manufacture of food products,1999,20,30.086,300000000,150000000,90.0,15,6,95000000,200000000,500000000,0.0,Not asked (survey skip: screener employment <20),No,No,60.0,0.0,40.0,No,\N,No,No,No,\N,Minor obstacle,Minor obstacle,Minor obstacle,Minor obstacle,Tax rates,Are in some case taken from books and in some case estimates,25,0,0,No,100.0,41.4,150.0,20000000,31.7,66.7,33333333,0.0,Normal,20-29 years,High Growth
1614533,Western,Small,10,2511,25,Manufacture of fabricated metal products,2021,10,64.974,45000000,30000000,3.0,8,6,1000000,30000000,13500000,0.0,Not asked (survey skip: screener employment <20),Yes,Yes,40.0,20.0,40.0,Yes,19000000,Yes,Yes,Yes,12.0,Major obstacle,No obstacle,Major obstacle,Major obstacle,Access to land,Are estimates computed with some precision,3,19000000,12,No,50.0,22.5,33.3,5625000,2.2,66.7,1687500,42.2,Normal,<10 years,Middle
1614546,Central,Large,40,2029,20,Manufacture of chemicals and chemical products,2000,15,1.575,100000000,50000000,70.0,25,10,30000000,40000000,300000000,0.0,Yes,No,No,50.0,0.0,50.0,No,\N,No,No,No,\N,Moderate obstacle,Minor obstacle,Minor obstacle,Moderate obstacle,Tax rates,Are in some case taken from books and in some case estimates,24,0,0,No,100.0,41.4,150.0,4000000,30.0,40.0,12000000,0.0,Normal,20-29 years,High Growth
1614558,Northern,Small,20,1061,10,Manufacture of food products,2011,10,1.645,25000000,26000000,100.0,5,5,12000000,20000000,10000000,0.0,Yes,No,No,100.0,0.0,0.0,No,\N,Yes,Yes,Yes,6.0,Very severe obstacle,Moderate obstacle,Minor obstacle,Moderate obstacle,Electricity,Are in some case taken from books and in some case estimates,13,0,6,No,-3.8,-1.9,0.0,5000000,48.0,80.0,2000000,0.0,Normal,10-19 years,Low Growth
1614560,Central,Large,1000,2023,20,Manufacture of chemicals and chemical products,1997,30,1.751,7000000000,5000000000,40.0,450,350,2000000000,1000000000,2500000000,10.0,No,No,No,0.0,0.0,0.0,No,\N,No,No,No,\N,No obstacle,No obstacle,No obstacle,No obstacle,Political instability,Are estimates computed with some precision,27,0,0,Yes,40.0,18.3,28.6,15555556,28.6,14.3,5555556,0.0,Normal,20-29 years,Middle
1614561,Northern,Medium,15,1061,10,Manufacture of food products,2012,13,6.906,76300000,57120000,40.0,13,9,11000000,22450000,180000000,0.0,Not asked (survey skip: screener employment <20),No,No,70.0,0.0,10.0,No,\N,No,No,Yes,5.0,Major obstacle,Minor obstacle,Minor obstacle,Minor obstacle,Tax administration,Are estimates computed with some precision,12,0,5,No,33.6,15.6,44.4,5869231,14.4,29.4,13846154,0.0,Normal,10-19 years,Middle
1614563,Western,Large,200,2029,20,Manufacture of chemicals and chemical products,2006,19,1.262,5700000000,6700000000,50.0,115,95,400000000,2500000000,3500000000,0.0,Yes,No,No,100.0,0.0,0.0,No,\N,No,No,Yes,15.0,Very severe obstacle,No obstacle,No obstacle,\N,Electricity,Are taken directly from establishment records,18,0,15,No,-14.9,-7.8,21.1,49565217,7.0,43.9,30434783,0.0,Normal,10-19 years,Low Growth
1614565,Western,Medium,6,1061,10,Manufacture of food products,2006,30,1.650,\N,\N,30.0,5,5,12000000,60000000,180000000,0.0,Not asked (survey skip: screener employment <20),No,No,50.0,50.0,0.0,No,\N,Yes,Yes,Yes,0.0,Minor obstacle,Major obstacle,Minor obstacle,No obstacle,Tax rates,Are estimates computed with some precision,18,0,0,No,\N,\N,0.0,\N,\N,\N,36000000,0.0,Normal,10-19 years,Missing
1614566,Western,Small,8,3100,31,Manufacture of furniture,1990,35,64.974,55000000,\N,65.0,1,4,\N,\N,20000000,0.0,Not asked (survey skip: screener employment <20),No,No,20.0,60.0,20.0,No,\N,Yes,Yes,Yes,\N,Moderate obstacle,Major obstacle,Minor obstacle,Very severe obstacle,Tax administration,Are estimates computed with some precision,34,0,0,No,\N,\N,-75.0,55000000,\N,\N,20000000,0.0,Normal,30+ years,Missing
1614570,Central,Large,25,1079,10,Manufacture of food products,1996,20,1.569,100000000,40000000,80.0,25,10,25000000,30000000,80000000,80.0,Yes,No,No,60.0,0.0,30.0,No,\N,No,No,Yes,2.0,No obstacle,Minor obstacle,Minor obstacle,No obstacle,Tax rates,Are in some case taken from books and in some case estimates,28,0,2,Yes,150.0,58.1,150.0,4000000,25.0,30.0,3200000,0.0,Normal,20-29 years,High Growth
1614575,Eastern,Medium,150,2392,23,Manufacture of other non-metallic mineral products,2010,30,1.664,400000000000,120000000000,100.0,150,150,10000000000,40000000000,800000000000,0.0,Yes,No,Yes,85.0,10.0,0.0,No,\N,Yes,Yes,Yes,6.0,No obstacle,Very severe obstacle,Moderate obstacle,Moderate obstacle,Access to finance,Are taken directly from establishment records,14,0,6,No,233.3,82.6,0.0,2666666667,2.5,10.0,5333333333,0.0,Review,10-19 years,High Growth
1614580,Eastern,Medium,9,2511,25,Manufacture of fabricated metal products,2011,14,1.664,255000000,200000000,80.0,7,7,27000000,50000000,70000000,0.0,Not asked (survey skip: screener employment <20),No,No,70.0,0.0,0.0,No,\N,No,No,Yes,2.0,Moderate obstacle,Major obstacle,Minor obstacle,Minor obstacle,Access to finance,Are taken directly from establishment records,13,0,2,No,27.5,12.9,0.0,36428571,10.6,19.6,10000000,0.0,Normal,10-19 years,Middle
1614581,Northern,Small,25,2220,22,Manufacture of rubber and plastics products,2015,16,1.645,\N,\N,20.0,10,10,\N,\N,\N,0.0,Yes,No,No,100.0,0.0,0.0,Yes,2460000,No,No,Yes,8.0,Moderate obstacle,Minor obstacle,No obstacle,No obstacle,Tax rates,Are estimates computed with some precision,9,2460000,8,No,\N,\N,0.0,\N,\N,\N,\N,\N,Normal,<10 years,Missing
1614583,Central,Large,200,1030,10,Manufacture of food products,1996,30,1.569,300000000,50000000,80.0,50,20,200000000,50000000,\N,0.0,Yes,No,Yes,100.0,0.0,0.0,No,\N,No,No,Yes,2.0,No obstacle,Major obstacle,No obstacle,Minor obstacle,Tax rates,Are in some case taken from books and in some case estimates,28,0,2,No,500.0,144.9,150.0,6000000,66.7,16.7,\N,0.0,Normal,20-29 years,High Growth
1614584,Central,Large,636,2022,20,Manufacture of chemicals and chemical products,1963,32,1.575,7400000000,6350000000,100.0,248,220,2400000000,4320000000,3700000000,32.0,Yes,Yes,No,75.0,0.0,25.0,Yes,300000000,No,No,Yes,4.0,Major obstacle,Minor obstacle,Minor obstacle,Very severe obstacle,Access to land,Are in some case taken from books and in some case estimates,61,300000000,4,Yes,16.5,8.0,12.7,29838710,32.4,58.4,14919355,4.1,Normal,30+ years,Middle
1614585,Central,Large,45,1811,18,Printing and reproduction of recorded media,2013,15,2.079,5100000000,4950000000,75.0,45,45,1620000000,2155000000,7400000000,0.0,Yes,No,No,40.0,40.0,20.0,Yes,60000000,Yes,Yes,Yes,12.0,Very severe obstacle,Major obstacle,No obstacle,Very severe obstacle,Customs and trade regulations,Are in some case taken from books and in some case estimates,11,60000000,12,No,3.0,1.5,0.0,113333333,31.8,42.3,164444444,1.2,Normal,10-19 years,Low Growth
1614589,Eastern,Large,800,1061,10,Manufacture of food products,2004,20,1.000,4000000000,3000000000,60.0,220,200,2000000000,200000000,12000000000,0.0,Yes,Yes,No,40.0,40.0,20.0,Yes,200000000,Yes,Yes,Yes,10.0,Minor obstacle,Major obstacle,Minor obstacle,Major obstacle,Tax rates,Are in some case taken from books and in some case estimates,20,200000000,10,No,33.3,15.5,10.0,18181818,50.0,5.0,54545455,5.0,Normal,20-29 years,Middle
1614591,Eastern,Small,10,1061,10,Manufacture of food products,1998,27,7.895,45000000,42000000,70.0,10,10,20000000,15000000,25000000,0.0,Not asked (survey skip: screener employment <20),Yes,Yes,20.0,70.0,0.0,No,\N,Yes,No,Yes,22.0,Very severe obstacle,Very severe obstacle,No obstacle,Minor obstacle,Electricity,Are in some case taken from books and in some case estimates,26,0,22,No,7.1,3.5,0.0,4500000,44.4,33.3,2500000,0.0,Normal,20-29 years,Low Growth
1614594,Northern,Medium,5,1811,18,Printing and reproduction of recorded media,2004,20,9.139,200000000,180000000,100.0,5,6,9600000,60000000,160000000,0.0,Not asked (survey skip: screener employment <20),No,No,15.0,20.0,0.0,Yes,11000000,No,No,Yes,4.0,Major obstacle,Minor obstacle,Minor obstacle,Very severe obstacle,Access to finance,Are taken directly from establishment records,20,11000000,4,No,11.1,5.4,-16.7,40000000,4.8,30.0,32000000,5.5,Normal,20-29 years,Middle
1614598,Western,Medium,25,1071,10,Manufacture of food products,1990,35,1.650,160000000,80000000,75.0,16,8,40800000,100000000,200000000,0.0,Yes,No,No,60.0,0.0,40.0,Yes,0,Yes,No,Yes,3.0,Moderate obstacle,Major obstacle,Moderate obstacle,Major obstacle,Access to finance,Are in some case taken from books and in some case estimates,34,0,3,No,100.0,41.4,100.0,10000000,25.5,62.5,12500000,0.0,Normal,30+ years,High Growth
1614601,Western,Medium,15,1079,10,Manufacture of food products,2015,3,1.650,270000000,250000000,90.0,10,8,6000000,0,200000000,0.0,Not asked (survey skip: screener employment <20),No,No,70.0,0.0,0.0,Yes,0,Yes,Yes,Yes,100.0,Very severe obstacle,Major obstacle,Moderate obstacle,Moderate obstacle,Electricity,Are estimates computed with some precision,9,0,100,No,8.0,3.9,25.0,27000000,2.2,0.0,20000000,0.0,Normal,<10 years,Low Growth
1614603,Central,Large,149,1020,10,Manufacture of food products,2008,25,1.569,89770000000,45000000000,60.0,131,96,1956762000,48000000000,2130726400,89.0,Yes,No,No,50.0,50.0,0.0,Yes,83000000,No,Yes,Yes,2.0,Moderate obstacle,Very severe obstacle,Minor obstacle,Moderate obstacle,Access to finance,Are taken directly from establishment records,16,83000000,2,Yes,99.5,41.2,36.5,685267176,2.2,53.5,16265087,0.1,Review,10-19 years,High Growth
1614604,Western,Medium,15,3100,31,Manufacture of furniture,2019,12,2.620,350000000,380000000,10.0,5,5,75000000,210000000,35000000,0.0,Not asked (survey skip: screener employment <20),No,Yes,15.0,0.0,30.0,Yes,1000000,Yes,No,Yes,5.0,Moderate obstacle,Moderate obstacle,Minor obstacle,Major obstacle,Practices of competitors in the informal sector,Are estimates computed with some precision,5,1000000,5,No,-7.9,-4.0,0.0,70000000,21.4,60.0,7000000,0.3,Normal,<10 years,Low Growth
1614607,Western,Medium,5,2511,25,Manufacture of fabricated metal products,2010,15,2.620,5000000,10000000,30.0,4,5,\N,3000000,2000000,0.0,Not asked (survey skip: screener employment <20),No,No,20.0,0.0,10.0,No,\N,Yes,Yes,Yes,5.0,Minor obstacle,Major obstacle,No obstacle,Major obstacle,Tax rates,Are estimates computed with some precision,14,0,5,No,-50.0,-29.3,-20.0,1250000,\N,60.0,500000,0.0,Normal,10-19 years,Low Growth
1614611,Western,Medium,45,2220,22,Manufacture of rubber and plastics products,2017,\N,2.620,120000000,\N,35.0,12,6,50000000,10000000,100000000,0.0,Yes,Yes,No,20.0,0.0,50.0,No,\N,No,No,Yes,3.0,Major obstacle,Major obstacle,Minor obstacle,\N,Electricity,Are estimates computed with some precision,7,0,3,No,\N,\N,100.0,10000000,41.7,8.3,8333333,0.0,Normal,<10 years,Missing
1614612,Central,Large,3000,3290,32,Other manufacturing,2003,22,1.575,\N,\N,\N,2000,1200,\N,\N,\N,15.0,Yes,Yes,Yes,100.0,0.0,0.0,Yes,\N,No,No,Yes,2.0,Moderate obstacle,No obstacle,Minor obstacle,Major obstacle,Tax rates,Are estimates computed with some precision,21,0,2,Yes,\N,\N,66.7,\N,\N,\N,\N,\N,Normal,20-29 years,Missing
1614615,Eastern,Large,400,1621,16,Manufacture of wood and products of wood/cork,1993,15,1.000,1800000000,1250000000,35.0,350,350,200000000,68500000,500000000,0.0,No,Yes,No,60.0,0.0,0.0,No,\N,No,No,Yes,6.0,Major obstacle,Major obstacle,No obstacle,Minor obstacle,Access to finance,Are in some case taken from books and in some case estimates,31,0,6,No,44.0,20.0,0.0,5142857,11.1,3.8,1428571,0.0,Normal,30+ years,Middle
1614616,Northern,Medium,5,1811,18,Printing and reproduction of recorded media,1996,10,6.906,45000000,40000000,100.0,5,3,7000000,3000000,150000000,0.0,Not asked (survey skip: screener employment <20),No,No,60.0,40.0,0.0,Yes,8000000,Yes,Yes,Yes,12.0,Major obstacle,Minor obstacle,Minor obstacle,Minor obstacle,Tax rates,Are in some case taken from books and in some case estimates,28,8000000,12,No,12.5,6.1,66.7,9000000,15.6,6.7,30000000,17.8,Normal,20-29 years,Middle
1614620,Central,Large,325,1702,17,Manufacture of paper and paper products,2004,21,1.575,85000000000,80000000000,70.0,180,160,2000000000,57600000000,7200000000,10.0,Yes,Yes,Yes,20.0,80.0,0.0,Yes,1800000000,Yes,Yes,Yes,8.0,Major obstacle,Moderate obstacle,No obstacle,Moderate obstacle,Tax rates,Are estimates computed with some precision,20,1800000000,8,Yes,6.3,3.1,12.5,472222222,2.4,67.8,40000000,2.1,Review,20-29 years,Low Growth
1614621,Eastern,Medium,15,2394,23,Manufacture of other non-metallic mineral products,2005,20,1.664,500000000,400000000,90.0,11,11,54000000,70000000,100000000,0.0,Not asked (survey skip: screener employment <20),No,No,70.0,0.0,30.0,No,\N,No,No,Yes,3.0,Moderate obstacle,Major obstacle,No obstacle,Minor obstacle,Access to finance,Are taken directly from establishment records,19,0,3,No,25.0,11.8,0.0,45454545,10.8,14.0,9090909,0.0,Normal,10-19 years,Middle
1614624,Eastern,Medium,5,2511,25,Manufacture of fabricated metal products,2009,15,1.664,77000000,16000000,70.0,5,5,5000000,60000000,100000000,0.0,Not asked (survey skip: screener employment <20),No,No,100.0,0.0,0.0,Yes,2500000,No,No,Yes,7.0,Minor obstacle,No obstacle,No obstacle,Very severe obstacle,"Crime, theft and disorder",Are taken directly from establishment records,15,2500000,7,No,381.3,119.4,0.0,15400000,6.5,77.9,20000000,3.2,Normal,10-19 years,High Growth
1614629,Western,Medium,5,1410,14,Manufacture of wearing apparel,2014,10,2.620,5000000,2800000,2.0,5,5,2400000,500000,400000,0.0,Not asked (survey skip: screener employment <20),No,No,100.0,0.0,0.0,No,\N,No,No,No,\N,No obstacle,Very severe obstacle,No obstacle,Major obstacle,Access to finance,Are estimates computed with some precision,10,0,0,No,78.6,33.6,0.0,1000000,48.0,10.0,80000,0.0,Normal,10-19 years,High Growth
1614631,Central,Small,8,2511,25,Manufacture of fabricated metal products,2018,6,259.947,15000000,12000000,80.0,8,5,1440000,7500000,\N,0.0,Not asked (survey skip: screener employment <20),No,No,100.0,0.0,0.0,No,\N,No,No,Yes,1.0,Very severe obstacle,No obstacle,Minor obstacle,No obstacle,Electricity,Are in some case taken from books and in some case estimates,6,0,1,No,25.0,11.8,60.0,1875000,9.6,50.0,\N,0.0,Normal,<10 years,Middle
1614633,Central,Large,400,2410,24,Manufacture of basic metals,2013,35,1.575,10000000000,12500000000,60.0,350,326,1400000000,2000000000,800000000,60.0,Yes,No,No,50.0,40.0,0.0,No,\N,Yes,No,Yes,6.0,Moderate obstacle,Very severe obstacle,Minor obstacle,Minor obstacle,Access to finance,Are in some case taken from books and in some case estimates,11,0,6,Yes,-20.0,-10.6,7.4,28571429,14.0,20.0,2285714,0.0,Review,10-19 years,Low Growth
1614636,Eastern,Large,300,2410,24,Manufacture of basic metals,2010,12,1.000,40000000000,37500000000,65.0,300,250,2000000000,10000000000,12000000000,0.0,Yes,Yes,No,50.0,50.0,0.0,No,\N,Yes,Yes,Yes,30.0,Very severe obstacle,Very severe obstacle,Minor obstacle,No obstacle,Corruption,Are estimates computed with some precision,14,0,30,No,6.7,3.3,20.0,133333333,5.0,25.0,40000000,0.0,Review,10-19 years,Low Growth
1614637,Western,Medium,250,1071,10,Manufacture of food products,2017,30,1.650,3000000000,2000000000,85.0,50,25,1000000000,500000000,800000000,0.0,Yes,Yes,Yes,50.0,10.0,40.0,Yes,45000000,Yes,Yes,Yes,5.0,Very severe obstacle,Major obstacle,Moderate obstacle,No obstacle,Electricity,Are estimates computed with some precision,7,45000000,5,No,50.0,22.5,100.0,60000000,33.3,16.7,16000000,1.5,Normal,<10 years,Middle
1614639,Western,Medium,157,1071,10,Manufacture of food products,2017,47,1.650,30000000000,25000000000,80.0,116,110,113300000,1000000000,2000000000,0.0,Yes,Yes,Yes,100.0,0.0,0.0,Yes,\N,No,No,Yes,15.0,Very severe obstacle,No obstacle,No obstacle,Very severe obstacle,Electricity,Are taken directly from establishment records,7,0,15,No,20.0,9.5,5.5,258620690,0.4,3.3,17241379,0.0,Review,<10 years,Middle
1614640,Central,Small,15,1080,10,Manufacture of food products,2013,18,30.086,100000000,55000000,100.0,15,5,40000000,45000000,60000000,0.0,Not asked (survey skip: screener employment <20),No,No,40.0,0.0,50.0,No,\N,No,No,No,\N,No obstacle,No obstacle,Minor obstacle,No obstacle,Tax rates,Are in some case taken from books and in some case estimates,11,0,0,No,81.8,34.8,200.0,6666667,40.0,45.0,4000000,0.0,Normal,10-19 years,High Growth
1614645,Northern,Small,6,3100,31,Manufacture of furniture,2012,15,18.669,45500000,37800000,60.0,4,4,4100000,14600000,84270000,0.0,Not asked (survey skip: screener employment <20),No,No,70.0,0.0,10.0,No,\N,No,No,Yes,5.0,No obstacle,No obstacle,No obstacle,No obstacle,Tax rates,Are estimates computed with some precision,12,0,5,No,20.4,9.7,0.0,11375000,9.0,32.1,21067500,0.0,Normal,10-19 years,Middle
1614647,Northern,Medium,5,1811,18,Printing and reproduction of recorded media,2016,1,6.906,\N,\N,3.0,3,4,\N,\N,20000000,0.0,Not asked (survey skip: screener employment <20),No,No,100.0,0.0,0.0,No,\N,No,No,Yes,5.0,Major obstacle,Major obstacle,Moderate obstacle,Major obstacle,Electricity,Are estimates computed with some precision,8,0,5,No,\N,\N,-25.0,\N,\N,\N,6666667,0.0,Normal,<10 years,Missing
1614649,Central,Large,8,2599,25,Manufacture of fabricated metal products,2003,38,1.575,6000000,8000000,45.0,8,8,4800000,750000,500000,0.0,Not asked (survey skip: screener employment <20),Yes,Yes,25.0,20.0,15.0,No,\N,No,No,No,\N,Moderate obstacle,Very severe obstacle,Very severe obstacle,Very severe obstacle,Access to land,Are estimates computed with some precision,21,0,0,No,-25.0,-13.4,0.0,750000,80.0,12.5,62500,0.0,Normal,20-29 years,Low Growth
1614651,Northern,Medium,6,1071,10,Manufacture of food products,2022,3,1.833,25000000,\N,2.0,5,5,\N,7000000,12000000,0.0,Not asked (survey skip: screener employment <20),No,Yes,7.0,0.0,90.0,Yes,8000000,Yes,Yes,Yes,5.0,Moderate obstacle,Very severe obstacle,No obstacle,Moderate obstacle,Tax administration,Are estimates computed with some precision,2,8000000,5,No,\N,\N,0.0,5000000,\N,28.0,2400000,32.0,Normal,<10 years,Missing
1614654,Western,Medium,20,1071,10,Manufacture of food products,2007,33,1.650,20000000,30000000,1.0,25,30,12000000,\N,3000000,0.0,Yes,Yes,No,27.0,30.0,30.0,Yes,1800000,Yes,Yes,Yes,0.0,Minor obstacle,Major obstacle,No obstacle,Very severe obstacle,Practices of competitors in the informal sector,Are estimates computed with some precision,17,1800000,0,No,-33.3,-18.4,-16.7,800000,60.0,\N,120000,9.0,Normal,10-19 years,Low Growth
1614655,Western,Small,5,2511,25,Manufacture of fabricated metal products,2019,15,64.974,7000000,\N,30.0,4,3,2000000,5000000,550000,0.0,Not asked (survey skip: screener employment <20),No,No,100.0,0.0,0.0,Yes,3000000,No,No,Yes,5.0,Minor obstacle,Major obstacle,Minor obstacle,Minor obstacle,Tax rates,Are estimates computed with some precision,5,3000000,5,No,\N,\N,33.3,1750000,28.6,71.4,137500,42.9,Normal,<10 years,Missing
1614656,Northern,Medium,25,1622,16,Manufacture of wood and products of wood/cork,1999,30,6.906,50000000,45000000,30.0,10,10,20000000,7000000,100000000,0.0,No,No,No,90.0,0.0,0.0,No,\N,No,No,No,\N,No obstacle,No obstacle,No obstacle,No obstacle,Tax rates,Are in some case taken from books and in some case estimates,25,0,0,No,11.1,5.4,0.0,5000000,40.0,14.0,10000000,0.0,Normal,20-29 years,Middle
1614658,Northern,Small,28,1061,10,Manufacture of food products,2017,9,1.645,4150000000,4000000000,45.0,28,25,200000000,500000000,6000000000,0.0,No,No,No,80.0,0.0,0.0,No,\N,No,No,No,\N,Minor obstacle,Minor obstacle,No obstacle,No obstacle,Tax rates,Are estimates computed with some precision,7,0,0,No,3.8,1.9,12.0,148214286,4.8,12.0,214285714,0.0,Normal,<10 years,Low Growth
1614669,Northern,Medium,15,1811,18,Printing and reproduction of recorded media,2012,13,6.906,35000000,35000000,85.0,8,8,10000000,12000000,50000000,0.0,Not asked (survey skip: screener employment <20),No,No,85.0,0.0,0.0,No,\N,No,No,No,\N,Moderate obstacle,No obstacle,No obstacle,No obstacle,Electricity,Are in some case taken from books and in some case estimates,12,0,0,No,0.0,0.0,0.0,4375000,28.6,34.3,6250000,0.0,Normal,10-19 years,Low Growth
1614672,Northern,Small,6,1079,10,Manufacture of food products,2012,14,1.645,20730000,16980000,70.0,3,3,3000000,12000000,49500000,0.0,Not asked (survey skip: screener employment <20),No,No,80.0,0.0,0.0,No,\N,No,No,Yes,8.0,Moderate obstacle,Minor obstacle,No obstacle,No obstacle,Tax rates,Are estimates computed with some precision,12,0,8,No,22.1,10.5,0.0,6910000,14.5,57.9,16500000,0.0,Normal,10-19 years,Middle
1614677,Central,Small,10,3100,31,Manufacture of furniture,2010,12,147.284,\N,500000000,80.0,10,15,11600000,60000000,\N,0.0,Not asked (survey skip: screener employment <20),Yes,No,100.0,0.0,0.0,No,\N,No,No,Yes,6.0,Moderate obstacle,Moderate obstacle,No obstacle,Moderate obstacle,Access to finance,Are estimates computed with some precision,14,0,6,No,\N,\N,-33.3,\N,\N,\N,\N,0.0,Normal,10-19 years,Missing
1614679,Western,Medium,75,1101,11,Manufacture of beverages,2018,5,2.620,600000000,\N,70.0,50,40,102000000,\N,2000000000,0.0,No,Yes,No,30.0,0.0,70.0,No,\N,No,No,Yes,0.0,Minor obstacle,Major obstacle,No obstacle,Very severe obstacle,Tax rates,Are estimates computed with some precision,6,0,0,No,\N,\N,25.0,12000000,17.0,\N,40000000,0.0,Normal,<10 years,Missing
1614682,Eastern,Small,20,1061,10,Manufacture of food products,2013,12,7.895,90000000,70000000,90.0,8,7,24000000,30000000,150000000,0.0,Yes,No,No,60.0,0.0,0.0,No,\N,No,No,Yes,3.0,Very severe obstacle,Major obstacle,No obstacle,Minor obstacle,Electricity,Are taken directly from establishment records,11,0,3,No,28.6,13.4,14.3,11250000,26.7,33.3,18750000,0.0,Normal,10-19 years,Middle
1614686,Northern,Small,6,3100,31,Manufacture of furniture,2009,19,18.669,16500000,8170000,60.0,2,2,2160000,3000000,43000000,0.0,Not asked (survey skip: screener employment <20),No,No,60.0,0.0,10.0,No,\N,No,No,Yes,5.0,No obstacle,Major obstacle,No obstacle,No obstacle,Tax rates,Are estimates computed with some precision,15,0,5,No,102.0,42.1,0.0,8250000,13.1,18.2,21500000,0.0,Normal,10-19 years,High Growth
1614693,Northern,Small,15,2511,25,Manufacture of fabricated metal products,2009,15,18.669,200000000,200000000,45.0,10,10,35000000,50000000,1000000000,0.0,Not asked (survey skip: screener employment <20),No,No,80.0,0.0,0.0,No,\N,No,No,No,\N,Minor obstacle,No obstacle,No obstacle,No obstacle,Access to land,Are estimates computed with some precision,15,0,0,No,0.0,0.0,0.0,20000000,17.5,25.0,100000000,0.0,Normal,10-19 years,Low Growth
1614698,Western,Medium,10,2599,25,Manufacture of fabricated metal products,1990,30,2.620,15000000,\N,7.0,8,7,\N,5000000,3500000,0.0,Not asked (survey skip: screener employment <20),Yes,No,30.0,48.0,12.0,Yes,900000,No,Yes,No,\N,Major obstacle,Major obstacle,No obstacle,Major obstacle,Electricity,Are estimates computed with some precision,34,900000,0,No,\N,\N,14.3,1875000,\N,33.3,437500,6.0,Normal,30+ years,Missing
1614703,Northern,Small,16,3100,31,Manufacture of furniture,2012,13,18.669,55000000,55000000,86.0,14,14,23000000,12000000,25000000000,0.0,Not asked (survey skip: screener employment <20),No,No,100.0,0.0,0.0,No,\N,No,No,No,\N,Minor obstacle,Minor obstacle,No obstacle,No obstacle,Tax administration,Are estimates computed with some precision,12,0,0,No,0.0,0.0,0.0,3928571,41.8,21.8,1785714286,0.0,Normal,10-19 years,Low Growth
1614704,Western,Small,7,1079,10,Manufacture of food products,\N,\N,11.034,38000000,\N,1.0,4,\N,20000000,0,\N,0.0,Not asked (survey skip: screener employment <20),No,No,100.0,0.0,0.0,No,\N,No,No,No,\N,Very severe obstacle,No obstacle,Minor obstacle,Minor obstacle,Electricity,Are in some case taken from books and in some case estimates,\N,0,0,No,\N,\N,\N,9500000,52.6,0.0,\N,0.0,Normal,Unknown,Missing
1614707,Western,Medium,9,3100,31,Manufacture of furniture,2008,19,2.620,74500000,40600000,\N,5,2,\N,\N,3000000,0.0,Not asked (survey skip: screener employment <20),No,No,70.0,0.0,0.0,No,\N,No,No,Yes,5.0,Minor obstacle,Moderate obstacle,No obstacle,Minor obstacle,Access to finance,Are estimates computed with some precision,16,0,5,No,83.5,35.5,150.0,14900000,\N,\N,600000,0.0,Normal,10-19 years,High Growth
1614712,Eastern,Medium,16,1071,10,Manufacture of food products,2020,5,1.610,150000000,120000000,60.0,16,11,50000000,40000000,3000000,0.0,Not asked (survey skip: screener employment <20),No,Yes,100.0,0.0,0.0,Yes,7000000,No,No,Yes,10.0,Minor obstacle,Minor obstacle,No obstacle,Moderate obstacle,Practices of competitors in the informal sector,Are in some case taken from books and in some case estimates,4,7000000,10,No,25.0,11.8,45.5,9375000,33.3,26.7,187500,4.7,Normal,<10 years,Middle
1614716,Central,Large,200,2392,23,Manufacture of other non-metallic mineral products,2000,30,1.575,7000000000,2000000000,60.0,200,100,300000000,2000000000,20000000000,0.0,Yes,Yes,Yes,70.0,0.0,25.0,No,\N,No,No,Yes,5.0,No obstacle,No obstacle,No obstacle,Minor obstacle,Corruption,Are in some case taken from books and in some case estimates,24,0,5,No,250.0,87.1,100.0,35000000,4.3,28.6,100000000,0.0,Normal,20-29 years,High Growth
1614717,Western,Small,8,1071,10,Manufacture of food products,2023,3,11.034,24000000,\N,1.0,6,\N,5760000,5000000,3000000,0.0,Not asked (survey skip: screener employment <20),No,No,80.0,0.0,20.0,No,\N,No,No,Yes,4.0,Moderate obstacle,Major obstacle,No obstacle,Moderate obstacle,Access to finance,Are estimates computed with some precision,1,0,4,No,\N,\N,\N,4000000,24.0,20.8,500000,0.0,Normal,<10 years,Missing
1614718,Central,Medium,200,2220,22,Manufacture of rubber and plastics products,2005,23,48.350,5500000000,4000000000,80.0,150,120,200000000,1000000000,3000000000,30.0,Yes,No,No,80.0,0.0,0.0,No,\N,Yes,No,Yes,4.0,Moderate obstacle,No obstacle,Minor obstacle,Moderate obstacle,Tax rates,Are taken directly from establishment records,19,0,4,Yes,37.5,17.3,25.0,36666667,3.6,18.2,20000000,0.0,Normal,10-19 years,Middle
1614720,Eastern,Medium,40,1061,10,Manufacture of food products,2008,17,1.610,100000000,84000000,90.0,20,10,18000000,30000000,150000000,0.0,Yes,No,No,70.0,0.0,0.0,No,\N,No,No,Yes,3.0,Major obstacle,Moderate obstacle,No obstacle,Very severe obstacle,Practices of competitors in the informal sector,Are taken directly from establishment records,16,0,3,No,19.0,9.1,100.0,5000000,18.0,30.0,7500000,0.0,Normal,10-19 years,Middle
1614721,Western,Medium,20,1101,11,Manufacture of beverages,2013,\N,1.650,300000000,280000000,1.0,20,\N,96000000,190000000,\N,0.0,Yes,No,Yes,100.0,0.0,0.0,No,\N,No,No,Yes,0.0,No obstacle,No obstacle,Major obstacle,Minor obstacle,Tax administration,Are estimates computed with some precision,11,0,0,No,7.1,3.5,\N,15000000,32.0,63.3,\N,0.0,Normal,10-19 years,Low Growth
1614723,Northern,Small,5,1061,10,Manufacture of food products,2020,4,1.645,24000000,20000000,100.0,5,5,9000000,2000000,4000000,0.0,Not asked (survey skip: screener employment <20),No,No,95.0,0.0,5.0,No,\N,No,No,Yes,5.0,Minor obstacle,Minor obstacle,Minor obstacle,No obstacle,Tax rates,Are in some case taken from books and in some case estimates,4,0,5,No,20.0,9.5,0.0,4800000,37.5,8.3,800000,0.0,Normal,<10 years,Middle
